order_id,customer_id,order_date,shipping_date,delivery_date,order_status,total_amount,load_date,record_source
O100001,2862,2024-02-13,2024-02-15,2024-02-17,DELIVERED,681.33,2024-02-01,E2E-order-header
O100002,1785,2024-02-22,2024-02-25,2024-02-28,DELIVERED,754.55,2024-02-01,E2E-order-header
O100003,3228,2024-02-01,2024-02-02,2024-02-05,NEW,282.55,2024-02-01,E2E-order-header
O100004,8589,2024-02-21,2024-02-24,2024-02-28,DELIVERED,1121.71,2024-02-01,E2E-order-header
O100005,5114,2024-02-24,2024-02-25,2024-02-26,NEW,608.66,2024-02-01,E2E-order-header
O100006,556,2024-02-19,2024-02-21,2024-02-25,NEW,202.94,2024-02-01,E2E-order-header
O100007,2670,2024-02-16,2024-02-17,2024-02-19,NEW,166.36,2024-02-01,E2E-order-header
O100008,6014,2024-02-04,2024-02-05,2024-02-07,NEW,688.26,2024-02-01,E2E-order-header
O100009,5876,2024-02-11,2024-02-12,2024-02-17,DELIVERED,2253.89,2024-02-01,E2E-order-header
O100010,9759,2024-02-06,2024-02-07,2024-02-10,SHIPPED,443.89,2024-02-01,E2E-order-header
O100011,1737,2024-02-17,2024-02-18,2024-02-20,CANCELLED,179.62,2024-02-01,E2E-order-header
O100012,2410,2024-02-12,2024-02-14,2024-02-16,CANCELLED,905.99,2024-02-01,E2E-order-header
O100013,5504,2024-02-17,2024-02-20,2024-02-21,NEW,1463.79,2024-02-01,E2E-order-header
O100014,2494,2024-02-01,2024-02-02,2024-02-05,DELIVERED,362.44,2024-02-01,E2E-order-header
O100015,4024,2024-02-11,2024-02-14,2024-02-18,DELIVERED,2240.22,2024-02-01,E2E-order-header
O100016,19,2024-02-17,2024-02-20,2024-02-21,DELIVERED,2382.12,2024-02-01,E2E-order-header
O100017,6755,2024-02-21,2024-02-24,2024-02-28,DELIVERED,251.17,2024-02-01,E2E-order-header
O100018,3476,2024-02-05,2024-02-08,2024-02-13,CANCELLED,102.19,2024-02-01,E2E-order-header
O100019,9314,2024-02-04,2024-02-06,2024-02-11,SHIPPED,2499.58,2024-02-01,E2E-order-header
O100020,4790,2024-02-10,2024-02-12,2024-02-14,DELIVERED,1875.28,2024-02-01,E2E-order-header
O100021,2084,2024-02-07,2024-02-10,2024-02-15,CANCELLED,185.01,2024-02-01,E2E-order-header
O100022,3507,2024-02-17,2024-02-18,2024-02-21,DELIVERED,796.79,2024-02-01,E2E-order-header
O100023,1051,2024-02-12,2024-02-13,2024-02-16,SHIPPED,113.82,2024-02-01,E2E-order-header
O100024,2342,2024-02-22,2024-02-24,2024-02-29,NEW,1459.17,2024-02-01,E2E-order-header
O100025,9370,2024-02-10,2024-02-13,2024-02-18,NEW,2175.59,2024-02-01,E2E-order-header
O100026,1687,2024-02-08,2024-02-09,2024-02-13,SHIPPED,403.17,2024-02-01,E2E-order-header
O100027,7393,2024-02-14,2024-02-17,2024-02-20,CANCELLED,1459.88,2024-02-01,E2E-order-header
O100028,9239,2024-02-12,2024-02-13,2024-02-17,NEW,346.11,2024-02-01,E2E-order-header
O100029,1194,2024-02-26,2024-02-27,2024-02-29,SHIPPED,1095.64,2024-02-01,E2E-order-header
O100030,2489,2024-02-12,2024-02-15,2024-02-16,CANCELLED,780.73,2024-02-01,E2E-order-header
O100031,3621,2024-02-08,2024-02-09,2024-02-12,DELIVERED,1867.9,2024-02-01,E2E-order-header
O100032,1702,2024-02-27,2024-03-01,2024-03-04,SHIPPED,1745.79,2024-02-01,E2E-order-header
O100033,9582,2024-02-06,2024-02-08,2024-02-12,SHIPPED,875.1,2024-02-01,E2E-order-header
O100034,6074,2024-02-17,2024-02-19,2024-02-20,SHIPPED,1101.55,2024-02-01,E2E-order-header
O100035,3630,2024-02-20,2024-02-22,2024-02-23,CANCELLED,1096.12,2024-02-01,E2E-order-header
O100036,572,2024-02-28,2024-03-01,2024-03-03,NEW,1866.39,2024-02-01,E2E-order-header
O100037,2261,2024-02-25,2024-02-27,2024-03-01,NEW,2365.43,2024-02-01,E2E-order-header
O100038,534,2024-02-22,2024-02-24,2024-02-25,SHIPPED,136.56,2024-02-01,E2E-order-header
O100039,4276,2024-02-06,2024-02-07,2024-02-11,DELIVERED,337.21,2024-02-01,E2E-order-header
O100040,4535,2024-02-14,2024-02-16,2024-02-17,NEW,1688.85,2024-02-01,E2E-order-header
O100041,2566,2024-02-22,2024-02-24,2024-02-29,DELIVERED,1188.96,2024-02-01,E2E-order-header
O100042,8875,2024-02-25,2024-02-27,2024-03-02,SHIPPED,464.43,2024-02-01,E2E-order-header
O100043,7336,2024-02-18,2024-02-20,2024-02-21,SHIPPED,1952.07,2024-02-01,E2E-order-header
O100044,6466,2024-02-06,2024-02-08,2024-02-13,DELIVERED,1890.13,2024-02-01,E2E-order-header
O100045,63,2024-02-28,2024-03-01,2024-03-05,NEW,854.31,2024-02-01,E2E-order-header
O100046,4043,2024-02-11,2024-02-14,2024-02-19,NEW,508.79,2024-02-01,E2E-order-header
O100047,5169,2024-02-25,2024-02-28,2024-02-29,CANCELLED,1561.11,2024-02-01,E2E-order-header
O100048,2075,2024-02-19,2024-02-22,2024-02-24,CANCELLED,720.28,2024-02-01,E2E-order-header
O100049,9011,2024-02-16,2024-02-18,2024-02-20,DELIVERED,1427.48,2024-02-01,E2E-order-header
O100050,8310,2024-02-16,2024-02-17,2024-02-22,DELIVERED,985.44,2024-02-01,E2E-order-header
O100051,4743,2024-02-11,2024-02-14,2024-02-19,CANCELLED,1406.68,2024-02-01,E2E-order-header
O100052,7668,2024-02-15,2024-02-16,2024-02-21,DELIVERED,1719.32,2024-02-01,E2E-order-header
O100053,368,2024-02-16,2024-02-18,2024-02-21,SHIPPED,867.82,2024-02-01,E2E-order-header
O100054,8995,2024-02-15,2024-02-17,2024-02-18,DELIVERED,2091.86,2024-02-01,E2E-order-header
O100055,1419,2024-02-18,2024-02-20,2024-02-23,CANCELLED,1668.13,2024-02-01,E2E-order-header
O100056,9406,2024-02-12,2024-02-15,2024-02-19,SHIPPED,1761.21,2024-02-01,E2E-order-header
O100057,3692,2024-02-26,2024-02-29,2024-03-03,CANCELLED,590.25,2024-02-01,E2E-order-header
O100058,6481,2024-02-06,2024-02-08,2024-02-09,NEW,1348.43,2024-02-01,E2E-order-header
O100059,10012,2024-02-05,2024-02-07,2024-02-11,CANCELLED,622.73,2024-02-01,E2E-order-header
O100060,6540,2024-02-23,2024-02-24,2024-02-26,SHIPPED,1805.84,2024-02-01,E2E-order-header
O100061,7034,2024-02-28,2024-03-02,2024-03-04,SHIPPED,2167.64,2024-02-01,E2E-order-header
O100062,9464,2024-02-22,2024-02-23,2024-02-26,DELIVERED,1284.29,2024-02-01,E2E-order-header
O100063,3108,2024-02-09,2024-02-10,2024-02-12,NEW,1068.62,2024-02-01,E2E-order-header
O100064,1672,2024-02-02,2024-02-03,2024-02-08,NEW,1113.53,2024-02-01,E2E-order-header
O100065,4820,2024-02-20,2024-02-23,2024-02-24,NEW,1656.72,2024-02-01,E2E-order-header
O100066,7301,2024-02-21,2024-02-24,2024-02-26,SHIPPED,447.5,2024-02-01,E2E-order-header
O100067,8473,2024-02-04,2024-02-07,2024-02-12,SHIPPED,512.45,2024-02-01,E2E-order-header
O100068,7870,2024-02-12,2024-02-14,2024-02-15,DELIVERED,235.93,2024-02-01,E2E-order-header
O100069,5684,2024-02-05,2024-02-06,2024-02-09,CANCELLED,2386.42,2024-02-01,E2E-order-header
O100070,92,2024-02-17,2024-02-19,2024-02-20,SHIPPED,216.47,2024-02-01,E2E-order-header
O100071,4891,2024-02-20,2024-02-21,2024-02-26,NEW,1321.02,2024-02-01,E2E-order-header
O100072,9047,2024-02-26,2024-02-29,2024-03-05,NEW,2297.06,2024-02-01,E2E-order-header
O100073,2518,2024-02-08,2024-02-10,2024-02-11,NEW,1149.28,2024-02-01,E2E-order-header
O100074,3400,2024-02-28,2024-02-29,2024-03-05,DELIVERED,687.83,2024-02-01,E2E-order-header
O100075,777,2024-02-01,2024-02-02,2024-02-07,NEW,959.5,2024-02-01,E2E-order-header
O100076,3640,2024-02-20,2024-02-23,2024-02-27,NEW,1106.31,2024-02-01,E2E-order-header
O100077,6808,2024-02-06,2024-02-09,2024-02-10,DELIVERED,2420.85,2024-02-01,E2E-order-header
O100078,1448,2024-02-16,2024-02-17,2024-02-20,CANCELLED,858.49,2024-02-01,E2E-order-header
O100079,5582,2024-02-15,2024-02-18,2024-02-21,SHIPPED,1410.18,2024-02-01,E2E-order-header
O100080,712,2024-02-03,2024-02-06,2024-02-11,NEW,818.37,2024-02-01,E2E-order-header
O100081,1186,2024-02-16,2024-02-19,2024-02-24,CANCELLED,1546.76,2024-02-01,E2E-order-header
O100082,3329,2024-02-21,2024-02-23,2024-02-26,SHIPPED,2086.38,2024-02-01,E2E-order-header
O100083,7020,2024-02-18,2024-02-20,2024-02-21,DELIVERED,1389.16,2024-02-01,E2E-order-header
O100084,2309,2024-02-16,2024-02-17,2024-02-22,CANCELLED,562.8,2024-02-01,E2E-order-header
O100085,9546,2024-02-03,2024-02-05,2024-02-06,CANCELLED,534.69,2024-02-01,E2E-order-header
O100086,103,2024-02-26,2024-02-27,2024-03-01,CANCELLED,2498.71,2024-02-01,E2E-order-header
O100087,3573,2024-02-17,2024-02-18,2024-02-22,SHIPPED,213.51,2024-02-01,E2E-order-header
O100088,7644,2024-02-20,2024-02-21,2024-02-24,SHIPPED,1943.5,2024-02-01,E2E-order-header
O100089,1850,2024-02-05,2024-02-06,2024-02-07,DELIVERED,1046.37,2024-02-01,E2E-order-header
O100090,1833,2024-02-10,2024-02-13,2024-02-16,NEW,1024.17,2024-02-01,E2E-order-header
O100091,8397,2024-02-23,2024-02-26,2024-02-28,SHIPPED,158.94,2024-02-01,E2E-order-header
O100092,9585,2024-02-18,2024-02-19,2024-02-20,DELIVERED,1295.98,2024-02-01,E2E-order-header
O100093,217,2024-02-24,2024-02-27,2024-03-03,CANCELLED,708.3,2024-02-01,E2E-order-header
O100094,6419,2024-02-12,2024-02-13,2024-02-15,DELIVERED,1068.51,2024-02-01,E2E-order-header
O100095,625,2024-02-15,2024-02-16,2024-02-17,CANCELLED,1678.36,2024-02-01,E2E-order-header
O100096,8682,2024-02-23,2024-02-24,2024-02-26,CANCELLED,1281.59,2024-02-01,E2E-order-header
O100097,9240,2024-02-08,2024-02-10,2024-02-13,DELIVERED,1009.07,2024-02-01,E2E-order-header
O100098,9945,2024-02-17,2024-02-20,2024-02-25,NEW,1290.32,2024-02-01,E2E-order-header
O100099,7927,2024-02-02,2024-02-05,2024-02-10,DELIVERED,960.61,2024-02-01,E2E-order-header
O100100,3747,2024-02-08,2024-02-10,2024-02-15,SHIPPED,1667.71,2024-02-01,E2E-order-header
O100101,4511,2024-02-02,2024-02-03,2024-02-08,SHIPPED,483.06,2024-02-01,E2E-order-header
O100102,9639,2024-02-26,2024-02-27,2024-03-02,DELIVERED,152.8,2024-02-01,E2E-order-header
O100103,1697,2024-02-01,2024-02-02,2024-02-06,CANCELLED,1088.29,2024-02-01,E2E-order-header
O100104,6401,2024-02-20,2024-02-21,2024-02-24,CANCELLED,2123.51,2024-02-01,E2E-order-header
O100105,8934,2024-02-28,2024-03-02,2024-03-03,SHIPPED,139.05,2024-02-01,E2E-order-header
O100106,3968,2024-02-23,2024-02-25,2024-02-26,NEW,2292.22,2024-02-01,E2E-order-header
O100107,3902,2024-02-11,2024-02-12,2024-02-16,NEW,802.65,2024-02-01,E2E-order-header
O100108,6382,2024-02-24,2024-02-27,2024-02-29,CANCELLED,1962.98,2024-02-01,E2E-order-header
O100109,1441,2024-02-17,2024-02-18,2024-02-22,NEW,929.41,2024-02-01,E2E-order-header
O100110,8541,2024-02-10,2024-02-11,2024-02-14,DELIVERED,2130.4,2024-02-01,E2E-order-header
O100111,8789,2024-02-16,2024-02-19,2024-02-24,CANCELLED,997.94,2024-02-01,E2E-order-header
O100112,8797,2024-02-01,2024-02-02,2024-02-06,NEW,1597.01,2024-02-01,E2E-order-header
O100113,6298,2024-02-07,2024-02-08,2024-02-09,SHIPPED,1221.94,2024-02-01,E2E-order-header
O100114,2872,2024-02-26,2024-02-29,2024-03-04,NEW,1047.85,2024-02-01,E2E-order-header
O100115,6936,2024-02-21,2024-02-23,2024-02-26,SHIPPED,47.22,2024-02-01,E2E-order-header
O100116,5594,2024-02-15,2024-02-17,2024-02-20,SHIPPED,1604.91,2024-02-01,E2E-order-header
O100117,2178,2024-02-09,2024-02-11,2024-02-12,CANCELLED,983.44,2024-02-01,E2E-order-header
O100118,2255,2024-02-19,2024-02-22,2024-02-25,CANCELLED,2285.69,2024-02-01,E2E-order-header
O100119,7170,2024-02-09,2024-02-10,2024-02-12,DELIVERED,1302.66,2024-02-01,E2E-order-header
O100120,6445,2024-02-14,2024-02-17,2024-02-19,CANCELLED,1371.46,2024-02-01,E2E-order-header
O100121,648,2024-02-07,2024-02-08,2024-02-13,DELIVERED,1934.91,2024-02-01,E2E-order-header
O100122,2678,2024-02-19,2024-02-22,2024-02-27,NEW,954.93,2024-02-01,E2E-order-header
O100123,3771,2024-02-15,2024-02-16,2024-02-21,DELIVERED,1066.22,2024-02-01,E2E-order-header
O100124,1071,2024-02-10,2024-02-13,2024-02-18,NEW,731.08,2024-02-01,E2E-order-header
O100125,9295,2024-02-20,2024-02-21,2024-02-24,DELIVERED,917.01,2024-02-01,E2E-order-header
O100126,1885,2024-02-04,2024-02-05,2024-02-08,DELIVERED,2091.75,2024-02-01,E2E-order-header
O100127,6299,2024-02-04,2024-02-06,2024-02-10,NEW,479.78,2024-02-01,E2E-order-header
O100128,4081,2024-02-11,2024-02-14,2024-02-16,NEW,1304.92,2024-02-01,E2E-order-header
O100129,5341,2024-02-21,2024-02-24,2024-02-25,SHIPPED,1619.95,2024-02-01,E2E-order-header
O100130,5228,2024-02-04,2024-02-07,2024-02-12,CANCELLED,1160.86,2024-02-01,E2E-order-header
O100131,7521,2024-02-11,2024-02-14,2024-02-15,CANCELLED,1627.81,2024-02-01,E2E-order-header
O100132,5163,2024-02-12,2024-02-14,2024-02-18,NEW,1775.61,2024-02-01,E2E-order-header
O100133,4220,2024-02-23,2024-02-26,2024-02-29,NEW,1132.08,2024-02-01,E2E-order-header
O100134,5365,2024-02-19,2024-02-20,2024-02-21,SHIPPED,306.47,2024-02-01,E2E-order-header
O100135,7500,2024-02-03,2024-02-04,2024-02-08,CANCELLED,395.69,2024-02-01,E2E-order-header
O100136,1856,2024-02-17,2024-02-18,2024-02-22,NEW,891.39,2024-02-01,E2E-order-header
O100137,4627,2024-02-05,2024-02-07,2024-02-10,SHIPPED,1038.35,2024-02-01,E2E-order-header
O100138,5154,2024-02-06,2024-02-09,2024-02-10,DELIVERED,1024.23,2024-02-01,E2E-order-header
O100139,183,2024-02-07,2024-02-09,2024-02-13,CANCELLED,1334.09,2024-02-01,E2E-order-header
O100140,6148,2024-02-09,2024-02-12,2024-02-15,NEW,1790.82,2024-02-01,E2E-order-header
O100141,7455,2024-02-25,2024-02-28,2024-02-29,CANCELLED,1409.27,2024-02-01,E2E-order-header
O100142,4484,2024-02-21,2024-02-22,2024-02-23,SHIPPED,2193.74,2024-02-01,E2E-order-header
O100143,4451,2024-02-20,2024-02-22,2024-02-26,SHIPPED,1108.11,2024-02-01,E2E-order-header
O100144,1350,2024-02-05,2024-02-06,2024-02-09,NEW,1864.46,2024-02-01,E2E-order-header
O100145,1783,2024-02-01,2024-02-04,2024-02-05,SHIPPED,693.98,2024-02-01,E2E-order-header
O100146,6680,2024-02-03,2024-02-04,2024-02-07,DELIVERED,120.5,2024-02-01,E2E-order-header
O100147,2112,2024-02-06,2024-02-08,2024-02-10,NEW,1982.76,2024-02-01,E2E-order-header
O100148,6418,2024-02-19,2024-02-22,2024-02-27,NEW,27.4,2024-02-01,E2E-order-header
O100149,7832,2024-02-02,2024-02-04,2024-02-08,DELIVERED,1625.29,2024-02-01,E2E-order-header
O100150,4431,2024-02-21,2024-02-23,2024-02-28,CANCELLED,1523.11,2024-02-01,E2E-order-header
O100151,8670,2024-02-14,2024-02-16,2024-02-19,CANCELLED,145.85,2024-02-01,E2E-order-header
O100152,1714,2024-02-21,2024-02-24,2024-02-27,SHIPPED,779.71,2024-02-01,E2E-order-header
O100153,8429,2024-02-02,2024-02-04,2024-02-05,SHIPPED,2276.57,2024-02-01,E2E-order-header
O100154,7802,2024-02-07,2024-02-09,2024-02-10,NEW,374.74,2024-02-01,E2E-order-header
O100155,3253,2024-02-28,2024-02-29,2024-03-05,SHIPPED,2052.51,2024-02-01,E2E-order-header
O100156,7945,2024-02-05,2024-02-08,2024-02-13,CANCELLED,1260.71,2024-02-01,E2E-order-header
O100157,3882,2024-02-06,2024-02-09,2024-02-12,NEW,532.94,2024-02-01,E2E-order-header
O100158,9730,2024-02-26,2024-02-28,2024-03-01,DELIVERED,2292.2,2024-02-01,E2E-order-header
O100159,961,2024-02-03,2024-02-04,2024-02-07,DELIVERED,2111.53,2024-02-01,E2E-order-header
O100160,4701,2024-02-23,2024-02-25,2024-02-29,CANCELLED,2108.11,2024-02-01,E2E-order-header
O100161,7045,2024-02-28,2024-02-29,2024-03-04,CANCELLED,2413.35,2024-02-01,E2E-order-header
O100162,9360,2024-02-23,2024-02-26,2024-03-02,SHIPPED,168.73,2024-02-01,E2E-order-header
O100163,3807,2024-02-14,2024-02-17,2024-02-18,DELIVERED,448.65,2024-02-01,E2E-order-header
O100164,9464,2024-02-26,2024-02-27,2024-03-01,CANCELLED,156.38,2024-02-01,E2E-order-header
O100165,2979,2024-02-09,2024-02-12,2024-02-13,SHIPPED,2346.88,2024-02-01,E2E-order-header
O100166,70,2024-02-04,2024-02-05,2024-02-10,DELIVERED,203.83,2024-02-01,E2E-order-header
O100167,8578,2024-02-19,2024-02-22,2024-02-27,DELIVERED,1803.06,2024-02-01,E2E-order-header
O100168,3095,2024-02-21,2024-02-24,2024-02-26,NEW,1327.18,2024-02-01,E2E-order-header
O100169,2186,2024-02-06,2024-02-07,2024-02-10,NEW,907.2,2024-02-01,E2E-order-header
O100170,1975,2024-02-10,2024-02-11,2024-02-14,SHIPPED,701.82,2024-02-01,E2E-order-header
O100171,8310,2024-02-04,2024-02-05,2024-02-08,SHIPPED,1869.75,2024-02-01,E2E-order-header
O100172,9839,2024-02-17,2024-02-19,2024-02-21,SHIPPED,626.28,2024-02-01,E2E-order-header
O100173,7269,2024-02-17,2024-02-19,2024-02-22,DELIVERED,811.44,2024-02-01,E2E-order-header
O100174,9613,2024-02-09,2024-02-10,2024-02-12,NEW,1500.35,2024-02-01,E2E-order-header
O100175,2167,2024-02-28,2024-03-01,2024-03-06,DELIVERED,1734.44,2024-02-01,E2E-order-header
O100176,9788,2024-02-26,2024-02-27,2024-02-28,CANCELLED,1573.45,2024-02-01,E2E-order-header
O100177,3681,2024-02-03,2024-02-05,2024-02-09,NEW,470.02,2024-02-01,E2E-order-header
O100178,4240,2024-02-18,2024-02-21,2024-02-26,CANCELLED,591.15,2024-02-01,E2E-order-header
O100179,1366,2024-02-17,2024-02-19,2024-02-22,DELIVERED,1749.11,2024-02-01,E2E-order-header
O100180,1168,2024-02-10,2024-02-13,2024-02-14,DELIVERED,1027.87,2024-02-01,E2E-order-header
O100181,4618,2024-02-06,2024-02-09,2024-02-12,SHIPPED,2401.36,2024-02-01,E2E-order-header
O100182,8536,2024-02-17,2024-02-20,2024-02-21,CANCELLED,2250.25,2024-02-01,E2E-order-header
O100183,7143,2024-02-22,2024-02-25,2024-02-28,SHIPPED,246.29,2024-02-01,E2E-order-header
O100184,6518,2024-02-03,2024-02-05,2024-02-09,NEW,897.82,2024-02-01,E2E-order-header
O100185,8484,2024-02-28,2024-03-02,2024-03-03,CANCELLED,331.54,2024-02-01,E2E-order-header
O100186,6034,2024-02-12,2024-02-14,2024-02-16,NEW,597.95,2024-02-01,E2E-order-header
O100187,4594,2024-02-22,2024-02-24,2024-02-25,SHIPPED,2291.23,2024-02-01,E2E-order-header
O100188,2680,2024-02-18,2024-02-21,2024-02-26,NEW,1827.87,2024-02-01,E2E-order-header
O100189,1496,2024-02-27,2024-02-29,2024-03-02,DELIVERED,1948.52,2024-02-01,E2E-order-header
O100190,9881,2024-02-21,2024-02-23,2024-02-25,CANCELLED,1588.08,2024-02-01,E2E-order-header
O100191,1285,2024-02-21,2024-02-24,2024-02-28,NEW,718.8,2024-02-01,E2E-order-header
O100192,1543,2024-02-09,2024-02-12,2024-02-16,CANCELLED,2216.87,2024-02-01,E2E-order-header
O100193,2285,2024-02-03,2024-02-05,2024-02-10,CANCELLED,1986.1,2024-02-01,E2E-order-header
O100194,7179,2024-02-14,2024-02-16,2024-02-19,NEW,497.41,2024-02-01,E2E-order-header
O100195,5902,2024-02-15,2024-02-18,2024-02-23,NEW,646.11,2024-02-01,E2E-order-header
O100196,760,2024-02-15,2024-02-17,2024-02-20,DELIVERED,187.04,2024-02-01,E2E-order-header
O100197,206,2024-02-28,2024-03-02,2024-03-06,SHIPPED,46.16,2024-02-01,E2E-order-header
O100198,8520,2024-02-24,2024-02-26,2024-02-28,NEW,2236.84,2024-02-01,E2E-order-header
O100199,6558,2024-02-17,2024-02-20,2024-02-23,NEW,882.26,2024-02-01,E2E-order-header
O100200,7683,2024-02-12,2024-02-15,2024-02-16,CANCELLED,556.68,2024-02-01,E2E-order-header
O100201,5140,2024-02-23,2024-02-25,2024-02-26,SHIPPED,2142.59,2024-02-01,E2E-order-header
O100202,9173,2024-02-11,2024-02-14,2024-02-17,SHIPPED,2387.39,2024-02-01,E2E-order-header
O100203,3795,2024-02-06,2024-02-07,2024-02-11,NEW,2096.67,2024-02-01,E2E-order-header
O100204,552,2024-02-05,2024-02-06,2024-02-11,CANCELLED,1728.5,2024-02-01,E2E-order-header
O100205,3036,2024-02-06,2024-02-09,2024-02-10,DELIVERED,1560.11,2024-02-01,E2E-order-header
O100206,6368,2024-02-20,2024-02-22,2024-02-24,SHIPPED,2475.85,2024-02-01,E2E-order-header
O100207,6650,2024-02-13,2024-02-16,2024-02-18,DELIVERED,2459.07,2024-02-01,E2E-order-header
O100208,2219,2024-02-19,2024-02-21,2024-02-26,DELIVERED,1903.83,2024-02-01,E2E-order-header
O100209,4455,2024-02-27,2024-02-29,2024-03-03,CANCELLED,1506.84,2024-02-01,E2E-order-header
O100210,2132,2024-02-24,2024-02-25,2024-02-28,SHIPPED,1254.01,2024-02-01,E2E-order-header
O100211,179,2024-02-06,2024-02-09,2024-02-14,NEW,1263.72,2024-02-01,E2E-order-header
O100212,8818,2024-02-22,2024-02-25,2024-02-26,CANCELLED,2342.71,2024-02-01,E2E-order-header
O100213,1822,2024-02-19,2024-02-20,2024-02-25,DELIVERED,581.71,2024-02-01,E2E-order-header
O100214,3801,2024-02-07,2024-02-10,2024-02-14,DELIVERED,2051.95,2024-02-01,E2E-order-header
O100215,8256,2024-02-21,2024-02-22,2024-02-25,SHIPPED,1000.89,2024-02-01,E2E-order-header
O100216,6178,2024-02-19,2024-02-20,2024-02-25,NEW,1637.01,2024-02-01,E2E-order-header
O100217,4872,2024-02-08,2024-02-10,2024-02-15,CANCELLED,1781.92,2024-02-01,E2E-order-header
O100218,2346,2024-02-22,2024-02-25,2024-03-01,SHIPPED,1318.86,2024-02-01,E2E-order-header
O100219,5030,2024-02-12,2024-02-13,2024-02-17,DELIVERED,1536.16,2024-02-01,E2E-order-header
O100220,4475,2024-02-10,2024-02-12,2024-02-14,DELIVERED,1422.19,2024-02-01,E2E-order-header
O100221,5602,2024-02-14,2024-02-17,2024-02-20,DELIVERED,1554.06,2024-02-01,E2E-order-header
O100222,7262,2024-02-01,2024-02-03,2024-02-08,DELIVERED,770.08,2024-02-01,E2E-order-header
O100223,5142,2024-02-24,2024-02-25,2024-03-01,CANCELLED,1500.11,2024-02-01,E2E-order-header
O100224,8580,2024-02-12,2024-02-14,2024-02-17,CANCELLED,1150.15,2024-02-01,E2E-order-header
O100225,610,2024-02-10,2024-02-12,2024-02-15,SHIPPED,548.67,2024-02-01,E2E-order-header
O100226,7653,2024-02-10,2024-02-11,2024-02-16,DELIVERED,961.62,2024-02-01,E2E-order-header
O100227,6110,2024-02-13,2024-02-15,2024-02-16,DELIVERED,860.66,2024-02-01,E2E-order-header
O100228,2889,2024-02-14,2024-02-16,2024-02-21,SHIPPED,2310.42,2024-02-01,E2E-order-header
O100229,6553,2024-02-26,2024-02-29,2024-03-05,NEW,1863.63,2024-02-01,E2E-order-header
O100230,2534,2024-02-26,2024-02-27,2024-02-29,SHIPPED,368.4,2024-02-01,E2E-order-header
O100231,1000,2024-02-01,2024-02-04,2024-02-07,DELIVERED,1133.7,2024-02-01,E2E-order-header
O100232,1228,2024-02-07,2024-02-08,2024-02-10,NEW,2372.94,2024-02-01,E2E-order-header
O100233,1795,2024-02-23,2024-02-26,2024-02-29,NEW,2462.25,2024-02-01,E2E-order-header
O100234,8092,2024-02-06,2024-02-07,2024-02-10,SHIPPED,971.35,2024-02-01,E2E-order-header
O100235,560,2024-02-22,2024-02-24,2024-02-27,CANCELLED,1820.39,2024-02-01,E2E-order-header
O100236,7289,2024-02-23,2024-02-24,2024-02-28,SHIPPED,812.79,2024-02-01,E2E-order-header
O100237,4931,2024-02-16,2024-02-17,2024-02-19,DELIVERED,1591.27,2024-02-01,E2E-order-header
O100238,4182,2024-02-17,2024-02-20,2024-02-24,SHIPPED,811.51,2024-02-01,E2E-order-header
O100239,189,2024-02-18,2024-02-21,2024-02-26,SHIPPED,2377.49,2024-02-01,E2E-order-header
O100240,1454,2024-02-26,2024-02-29,2024-03-01,DELIVERED,319.55,2024-02-01,E2E-order-header
O100241,2447,2024-02-07,2024-02-10,2024-02-14,NEW,746.57,2024-02-01,E2E-order-header
O100242,7937,2024-02-16,2024-02-18,2024-02-23,SHIPPED,1857.17,2024-02-01,E2E-order-header
O100243,8457,2024-02-14,2024-02-15,2024-02-19,DELIVERED,364.49,2024-02-01,E2E-order-header
O100244,7885,2024-02-25,2024-02-28,2024-03-01,CANCELLED,140.47,2024-02-01,E2E-order-header
O100245,8492,2024-02-08,2024-02-10,2024-02-13,DELIVERED,311.97,2024-02-01,E2E-order-header
O100246,4878,2024-02-03,2024-02-05,2024-02-08,SHIPPED,359.78,2024-02-01,E2E-order-header
O100247,1161,2024-02-25,2024-02-26,2024-02-27,NEW,389.46,2024-02-01,E2E-order-header
O100248,2183,2024-02-10,2024-02-11,2024-02-16,DELIVERED,178.89,2024-02-01,E2E-order-header
O100249,6616,2024-02-09,2024-02-11,2024-02-12,CANCELLED,123.95,2024-02-01,E2E-order-header
O100250,8689,2024-02-26,2024-02-27,2024-03-01,SHIPPED,1548.76,2024-02-01,E2E-order-header
O100251,3455,2024-02-09,2024-02-10,2024-02-13,NEW,1150.05,2024-02-01,E2E-order-header
O100252,6101,2024-02-25,2024-02-28,2024-03-02,CANCELLED,2257.92,2024-02-01,E2E-order-header
O100253,8626,2024-02-02,2024-02-03,2024-02-06,CANCELLED,2316.52,2024-02-01,E2E-order-header
O100254,9753,2024-02-06,2024-02-09,2024-02-12,SHIPPED,2067.98,2024-02-01,E2E-order-header
O100255,4007,2024-02-18,2024-02-20,2024-02-21,NEW,641.41,2024-02-01,E2E-order-header
O100256,2469,2024-02-18,2024-02-20,2024-02-24,NEW,62.2,2024-02-01,E2E-order-header
O100257,9121,2024-02-09,2024-02-10,2024-02-14,NEW,1683.62,2024-02-01,E2E-order-header
O100258,8215,2024-02-18,2024-02-21,2024-02-26,CANCELLED,2260.34,2024-02-01,E2E-order-header
O100259,3304,2024-02-27,2024-03-01,2024-03-03,DELIVERED,977.64,2024-02-01,E2E-order-header
O100260,2988,2024-02-03,2024-02-04,2024-02-06,NEW,352.34,2024-02-01,E2E-order-header
O100261,7793,2024-02-18,2024-02-19,2024-02-22,NEW,2480.65,2024-02-01,E2E-order-header
O100262,3832,2024-02-21,2024-02-22,2024-02-27,SHIPPED,2451.48,2024-02-01,E2E-order-header
O100263,8867,2024-02-13,2024-02-16,2024-02-20,CANCELLED,2478.21,2024-02-01,E2E-order-header
O100264,378,2024-02-23,2024-02-26,2024-03-02,SHIPPED,916.35,2024-02-01,E2E-order-header
O100265,4536,2024-02-22,2024-02-25,2024-02-27,CANCELLED,2050.9,2024-02-01,E2E-order-header
O100266,9530,2024-02-24,2024-02-27,2024-02-28,SHIPPED,1871.13,2024-02-01,E2E-order-header
O100267,6503,2024-02-23,2024-02-25,2024-03-01,DELIVERED,2342.75,2024-02-01,E2E-order-header
O100268,4608,2024-02-18,2024-02-19,2024-02-24,NEW,285.7,2024-02-01,E2E-order-header
O100269,1295,2024-02-13,2024-02-16,2024-02-17,CANCELLED,1611.51,2024-02-01,E2E-order-header
O100270,2585,2024-02-22,2024-02-23,2024-02-28,DELIVERED,815.81,2024-02-01,E2E-order-header
O100271,5693,2024-02-05,2024-02-08,2024-02-10,NEW,1849.99,2024-02-01,E2E-order-header
O100272,4334,2024-02-10,2024-02-12,2024-02-17,NEW,1007.98,2024-02-01,E2E-order-header
O100273,1686,2024-02-09,2024-02-12,2024-02-15,DELIVERED,1848.87,2024-02-01,E2E-order-header
O100274,6230,2024-02-21,2024-02-24,2024-02-25,CANCELLED,1928.03,2024-02-01,E2E-order-header
O100275,2388,2024-02-16,2024-02-18,2024-02-19,NEW,2109.1,2024-02-01,E2E-order-header
O100276,965,2024-02-15,2024-02-16,2024-02-18,DELIVERED,46.13,2024-02-01,E2E-order-header
O100277,5887,2024-02-07,2024-02-10,2024-02-11,SHIPPED,2432.89,2024-02-01,E2E-order-header
O100278,10098,2024-02-21,2024-02-22,2024-02-26,CANCELLED,62.68,2024-02-01,E2E-order-header
O100279,1798,2024-02-16,2024-02-19,2024-02-24,NEW,1473.42,2024-02-01,E2E-order-header
O100280,723,2024-02-13,2024-02-16,2024-02-18,CANCELLED,2155.84,2024-02-01,E2E-order-header
O100281,9897,2024-02-07,2024-02-08,2024-02-11,DELIVERED,2254.96,2024-02-01,E2E-order-header
O100282,10016,2024-02-13,2024-02-14,2024-02-18,SHIPPED,2321.74,2024-02-01,E2E-order-header
O100283,8652,2024-02-05,2024-02-07,2024-02-09,SHIPPED,2437.62,2024-02-01,E2E-order-header
O100284,9013,2024-02-14,2024-02-15,2024-02-19,DELIVERED,1300.79,2024-02-01,E2E-order-header
O100285,930,2024-02-07,2024-02-09,2024-02-13,NEW,968.7,2024-02-01,E2E-order-header
O100286,2659,2024-02-24,2024-02-25,2024-03-01,SHIPPED,228.99,2024-02-01,E2E-order-header
O100287,2807,2024-02-06,2024-02-09,2024-02-10,CANCELLED,2160.54,2024-02-01,E2E-order-header
O100288,6879,2024-02-16,2024-02-19,2024-02-23,NEW,2013.81,2024-02-01,E2E-order-header
O100289,5665,2024-02-24,2024-02-25,2024-02-28,CANCELLED,1894.01,2024-02-01,E2E-order-header
O100290,8989,2024-02-17,2024-02-18,2024-02-20,SHIPPED,1121.82,2024-02-01,E2E-order-header
O100291,7216,2024-02-26,2024-02-29,2024-03-02,CANCELLED,27.63,2024-02-01,E2E-order-header
O100292,1541,2024-02-23,2024-02-26,2024-02-29,DELIVERED,1088.28,2024-02-01,E2E-order-header
O100293,71,2024-02-22,2024-02-24,2024-02-27,DELIVERED,2350.66,2024-02-01,E2E-order-header
O100294,1639,2024-02-25,2024-02-26,2024-03-01,CANCELLED,1872.09,2024-02-01,E2E-order-header
O100295,1369,2024-02-09,2024-02-10,2024-02-15,CANCELLED,1413.23,2024-02-01,E2E-order-header
O100296,252,2024-02-03,2024-02-06,2024-02-07,DELIVERED,2339.48,2024-02-01,E2E-order-header
O100297,6792,2024-02-01,2024-02-04,2024-02-09,CANCELLED,1532.42,2024-02-01,E2E-order-header
O100298,8104,2024-02-28,2024-03-01,2024-03-02,SHIPPED,436.21,2024-02-01,E2E-order-header
O100299,6962,2024-02-27,2024-02-29,2024-03-03,DELIVERED,2143.82,2024-02-01,E2E-order-header
O100300,3739,2024-02-23,2024-02-26,2024-03-01,DELIVERED,1635.99,2024-02-01,E2E-order-header
O100301,9635,2024-02-09,2024-02-12,2024-02-15,CANCELLED,495.87,2024-02-01,E2E-order-header
O100302,2036,2024-02-03,2024-02-06,2024-02-11,CANCELLED,1713.35,2024-02-01,E2E-order-header
O100303,638,2024-02-21,2024-02-22,2024-02-26,SHIPPED,584.57,2024-02-01,E2E-order-header
O100304,6216,2024-02-21,2024-02-22,2024-02-24,NEW,637.66,2024-02-01,E2E-order-header
O100305,1834,2024-02-02,2024-02-05,2024-02-07,NEW,2435.54,2024-02-01,E2E-order-header
O100306,4395,2024-02-08,2024-02-10,2024-02-12,DELIVERED,2493.42,2024-02-01,E2E-order-header
O100307,7709,2024-02-15,2024-02-18,2024-02-20,SHIPPED,2167.8,2024-02-01,E2E-order-header
O100308,1377,2024-02-24,2024-02-26,2024-03-01,DELIVERED,1229.4,2024-02-01,E2E-order-header
O100309,446,2024-02-13,2024-02-16,2024-02-17,NEW,1234.96,2024-02-01,E2E-order-header
O100310,8486,2024-02-27,2024-02-29,2024-03-04,CANCELLED,1123.3,2024-02-01,E2E-order-header
O100311,3944,2024-02-05,2024-02-07,2024-02-09,CANCELLED,1627.88,2024-02-01,E2E-order-header
O100312,4418,2024-02-18,2024-02-21,2024-02-23,DELIVERED,2377.7,2024-02-01,E2E-order-header
O100313,7498,2024-02-04,2024-02-07,2024-02-10,DELIVERED,918.38,2024-02-01,E2E-order-header
O100314,863,2024-02-28,2024-02-29,2024-03-05,DELIVERED,1791.53,2024-02-01,E2E-order-header
O100315,69,2024-02-10,2024-02-11,2024-02-12,SHIPPED,1640.24,2024-02-01,E2E-order-header
O100316,5204,2024-02-25,2024-02-28,2024-03-01,DELIVERED,103.07,2024-02-01,E2E-order-header
O100317,1316,2024-02-13,2024-02-14,2024-02-16,DELIVERED,2006.51,2024-02-01,E2E-order-header
O100318,982,2024-02-25,2024-02-26,2024-02-27,DELIVERED,807.9,2024-02-01,E2E-order-header
O100319,3205,2024-02-06,2024-02-09,2024-02-13,NEW,298.48,2024-02-01,E2E-order-header
O100320,3027,2024-02-08,2024-02-10,2024-02-13,SHIPPED,1272.14,2024-02-01,E2E-order-header
O100321,6929,2024-02-17,2024-02-18,2024-02-23,DELIVERED,407.17,2024-02-01,E2E-order-header
O100322,7505,2024-02-05,2024-02-08,2024-02-11,NEW,504.1,2024-02-01,E2E-order-header
O100323,2541,2024-02-09,2024-02-12,2024-02-13,NEW,134.48,2024-02-01,E2E-order-header
O100324,7976,2024-02-10,2024-02-13,2024-02-18,DELIVERED,1361.21,2024-02-01,E2E-order-header
O100325,6202,2024-02-23,2024-02-25,2024-02-28,NEW,2381.49,2024-02-01,E2E-order-header
O100326,36,2024-02-23,2024-02-26,2024-03-02,DELIVERED,1875.61,2024-02-01,E2E-order-header
O100327,9731,2024-02-17,2024-02-19,2024-02-22,DELIVERED,1142.94,2024-02-01,E2E-order-header
O100328,4905,2024-02-13,2024-02-14,2024-02-15,SHIPPED,1301.95,2024-02-01,E2E-order-header
O100329,4530,2024-02-21,2024-02-24,2024-02-26,CANCELLED,702.97,2024-02-01,E2E-order-header
O100330,5599,2024-02-01,2024-02-04,2024-02-06,SHIPPED,2479.59,2024-02-01,E2E-order-header
O100331,7803,2024-02-05,2024-02-06,2024-02-09,NEW,1873.73,2024-02-01,E2E-order-header
O100332,7779,2024-02-18,2024-02-20,2024-02-21,SHIPPED,379.8,2024-02-01,E2E-order-header
O100333,6584,2024-02-09,2024-02-11,2024-02-15,CANCELLED,1653.13,2024-02-01,E2E-order-header
O100334,3668,2024-02-01,2024-02-04,2024-02-07,SHIPPED,1199.84,2024-02-01,E2E-order-header
O100335,1212,2024-02-21,2024-02-23,2024-02-28,CANCELLED,1676.99,2024-02-01,E2E-order-header
O100336,8026,2024-02-17,2024-02-20,2024-02-23,SHIPPED,488.34,2024-02-01,E2E-order-header
O100337,810,2024-02-26,2024-02-29,2024-03-02,DELIVERED,554.03,2024-02-01,E2E-order-header
O100338,655,2024-02-08,2024-02-11,2024-02-16,DELIVERED,435.19,2024-02-01,E2E-order-header
O100339,9319,2024-02-23,2024-02-26,2024-03-01,NEW,2059.81,2024-02-01,E2E-order-header
O100340,487,2024-02-02,2024-02-05,2024-02-07,CANCELLED,773.69,2024-02-01,E2E-order-header
O100341,8660,2024-02-16,2024-02-17,2024-02-18,NEW,2145.03,2024-02-01,E2E-order-header
O100342,9984,2024-02-14,2024-02-16,2024-02-20,CANCELLED,1794.71,2024-02-01,E2E-order-header
O100343,6776,2024-02-16,2024-02-17,2024-02-22,NEW,2348.68,2024-02-01,E2E-order-header
O100344,3871,2024-02-14,2024-02-17,2024-02-20,DELIVERED,2238.47,2024-02-01,E2E-order-header
O100345,5558,2024-02-09,2024-02-11,2024-02-16,SHIPPED,1726.33,2024-02-01,E2E-order-header
O100346,9225,2024-02-20,2024-02-23,2024-02-24,SHIPPED,2485.07,2024-02-01,E2E-order-header
O100347,9301,2024-02-23,2024-02-26,2024-03-01,NEW,1590.27,2024-02-01,E2E-order-header
O100348,3380,2024-02-01,2024-02-04,2024-02-09,NEW,460.69,2024-02-01,E2E-order-header
O100349,8163,2024-02-07,2024-02-09,2024-02-10,NEW,804.7,2024-02-01,E2E-order-header
O100350,9147,2024-02-02,2024-02-03,2024-02-06,CANCELLED,1289.87,2024-02-01,E2E-order-header
O100351,8685,2024-02-08,2024-02-09,2024-02-11,CANCELLED,2203.46,2024-02-01,E2E-order-header
O100352,5542,2024-02-03,2024-02-04,2024-02-06,SHIPPED,867.34,2024-02-01,E2E-order-header
O100353,2609,2024-02-18,2024-02-20,2024-02-22,NEW,1297.63,2024-02-01,E2E-order-header
O100354,6967,2024-02-11,2024-02-12,2024-02-14,NEW,1798.2,2024-02-01,E2E-order-header
O100355,9978,2024-02-28,2024-03-01,2024-03-03,SHIPPED,89.54,2024-02-01,E2E-order-header
O100356,2073,2024-02-20,2024-02-23,2024-02-26,NEW,1911.62,2024-02-01,E2E-order-header
O100357,3575,2024-02-16,2024-02-18,2024-02-23,DELIVERED,218.61,2024-02-01,E2E-order-header
O100358,5116,2024-02-04,2024-02-07,2024-02-09,SHIPPED,956.29,2024-02-01,E2E-order-header
O100359,4799,2024-02-22,2024-02-24,2024-02-27,NEW,949.98,2024-02-01,E2E-order-header
O100360,4460,2024-02-09,2024-02-10,2024-02-15,NEW,1325.1,2024-02-01,E2E-order-header
O100361,3967,2024-02-26,2024-02-29,2024-03-02,DELIVERED,1052.78,2024-02-01,E2E-order-header
O100362,4642,2024-02-18,2024-02-21,2024-02-22,DELIVERED,2327.71,2024-02-01,E2E-order-header
O100363,9650,2024-02-28,2024-03-01,2024-03-06,DELIVERED,784.72,2024-02-01,E2E-order-header
O100364,5604,2024-02-19,2024-02-20,2024-02-23,CANCELLED,767.22,2024-02-01,E2E-order-header
O100365,7804,2024-02-25,2024-02-28,2024-02-29,SHIPPED,1165.68,2024-02-01,E2E-order-header
O100366,8636,2024-02-06,2024-02-08,2024-02-10,CANCELLED,1596.69,2024-02-01,E2E-order-header
O100367,155,2024-02-15,2024-02-17,2024-02-20,SHIPPED,1486.52,2024-02-01,E2E-order-header
O100368,6263,2024-02-09,2024-02-10,2024-02-13,CANCELLED,645.12,2024-02-01,E2E-order-header
O100369,7986,2024-02-11,2024-02-14,2024-02-19,CANCELLED,1828.38,2024-02-01,E2E-order-header
O100370,1691,2024-02-15,2024-02-16,2024-02-17,DELIVERED,2033.37,2024-02-01,E2E-order-header
O100371,4105,2024-02-04,2024-02-05,2024-02-06,DELIVERED,1444.53,2024-02-01,E2E-order-header
O100372,5719,2024-02-09,2024-02-12,2024-02-17,SHIPPED,1962.48,2024-02-01,E2E-order-header
O100373,1820,2024-02-15,2024-02-17,2024-02-18,NEW,1992.86,2024-02-01,E2E-order-header
O100374,1365,2024-02-11,2024-02-12,2024-02-15,SHIPPED,1677.31,2024-02-01,E2E-order-header
O100375,1382,2024-02-22,2024-02-25,2024-02-28,DELIVERED,1743.67,2024-02-01,E2E-order-header
O100376,3941,2024-02-10,2024-02-13,2024-02-15,SHIPPED,2096.39,2024-02-01,E2E-order-header
O100377,3101,2024-02-24,2024-02-27,2024-02-28,CANCELLED,634.89,2024-02-01,E2E-order-header
O100378,2340,2024-02-19,2024-02-20,2024-02-24,DELIVERED,2300.97,2024-02-01,E2E-order-header
O100379,9167,2024-02-27,2024-02-29,2024-03-05,SHIPPED,1368.13,2024-02-01,E2E-order-header
O100380,7355,2024-02-01,2024-02-03,2024-02-08,DELIVERED,48.14,2024-02-01,E2E-order-header
O100381,5656,2024-02-23,2024-02-25,2024-02-29,SHIPPED,137.27,2024-02-01,E2E-order-header
O100382,7936,2024-02-07,2024-02-08,2024-02-10,DELIVERED,503.8,2024-02-01,E2E-order-header
O100383,6316,2024-02-03,2024-02-05,2024-02-09,SHIPPED,683.88,2024-02-01,E2E-order-header
O100384,1342,2024-02-25,2024-02-27,2024-03-03,CANCELLED,304.96,2024-02-01,E2E-order-header
O100385,8718,2024-02-04,2024-02-05,2024-02-08,CANCELLED,2179.41,2024-02-01,E2E-order-header
O100386,4860,2024-02-16,2024-02-17,2024-02-22,DELIVERED,1775.06,2024-02-01,E2E-order-header
O100387,8966,2024-02-14,2024-02-17,2024-02-19,SHIPPED,37.19,2024-02-01,E2E-order-header
O100388,9126,2024-02-06,2024-02-09,2024-02-14,SHIPPED,2272.39,2024-02-01,E2E-order-header
O100389,1587,2024-02-15,2024-02-17,2024-02-20,NEW,1917.07,2024-02-01,E2E-order-header
O100390,3580,2024-02-19,2024-02-22,2024-02-25,CANCELLED,919.32,2024-02-01,E2E-order-header
O100391,4408,2024-02-27,2024-02-28,2024-03-04,SHIPPED,1350.29,2024-02-01,E2E-order-header
O100392,10043,2024-02-18,2024-02-19,2024-02-23,CANCELLED,1821.41,2024-02-01,E2E-order-header
O100393,5526,2024-02-05,2024-02-08,2024-02-13,NEW,2298.07,2024-02-01,E2E-order-header
O100394,6268,2024-02-14,2024-02-15,2024-02-20,CANCELLED,1297.9,2024-02-01,E2E-order-header
O100395,6985,2024-02-16,2024-02-17,2024-02-20,CANCELLED,1852.18,2024-02-01,E2E-order-header
O100396,195,2024-02-25,2024-02-26,2024-03-01,CANCELLED,704.85,2024-02-01,E2E-order-header
O100397,5320,2024-02-11,2024-02-12,2024-02-16,SHIPPED,1290.16,2024-02-01,E2E-order-header
O100398,4959,2024-02-09,2024-02-10,2024-02-15,DELIVERED,1364.71,2024-02-01,E2E-order-header
O100399,4240,2024-02-02,2024-02-03,2024-02-07,NEW,567.04,2024-02-01,E2E-order-header
O100400,9311,2024-02-16,2024-02-17,2024-02-21,NEW,2460.33,2024-02-01,E2E-order-header
O100401,7161,2024-02-03,2024-02-04,2024-02-06,DELIVERED,2149.77,2024-02-01,E2E-order-header
O100402,3687,2024-02-26,2024-02-29,2024-03-04,CANCELLED,1520.99,2024-02-01,E2E-order-header
O100403,9840,2024-02-07,2024-02-09,2024-02-14,NEW,1422.58,2024-02-01,E2E-order-header
O100404,5812,2024-02-24,2024-02-26,2024-02-27,SHIPPED,340.05,2024-02-01,E2E-order-header
O100405,7367,2024-02-19,2024-02-20,2024-02-24,DELIVERED,1077.66,2024-02-01,E2E-order-header
O100406,1953,2024-02-06,2024-02-07,2024-02-11,CANCELLED,2036.5,2024-02-01,E2E-order-header
O100407,1025,2024-02-10,2024-02-13,2024-02-16,DELIVERED,1107.69,2024-02-01,E2E-order-header
O100408,5255,2024-02-27,2024-02-28,2024-03-04,NEW,190.42,2024-02-01,E2E-order-header
O100409,7403,2024-02-02,2024-02-05,2024-02-06,DELIVERED,2190.08,2024-02-01,E2E-order-header
O100410,1091,2024-02-20,2024-02-22,2024-02-26,NEW,2448.48,2024-02-01,E2E-order-header
O100411,10075,2024-02-09,2024-02-11,2024-02-12,NEW,2460.0,2024-02-01,E2E-order-header
O100412,3192,2024-02-11,2024-02-13,2024-02-15,CANCELLED,709.35,2024-02-01,E2E-order-header
O100413,535,2024-02-15,2024-02-16,2024-02-18,CANCELLED,202.67,2024-02-01,E2E-order-header
O100414,2903,2024-02-15,2024-02-18,2024-02-23,NEW,2477.68,2024-02-01,E2E-order-header
O100415,3264,2024-02-28,2024-03-01,2024-03-05,DELIVERED,886.66,2024-02-01,E2E-order-header
O100416,8263,2024-02-11,2024-02-12,2024-02-17,NEW,2069.24,2024-02-01,E2E-order-header
O100417,4782,2024-02-20,2024-02-21,2024-02-24,SHIPPED,151.74,2024-02-01,E2E-order-header
O100418,8475,2024-02-08,2024-02-10,2024-02-13,CANCELLED,1803.46,2024-02-01,E2E-order-header
O100419,4845,2024-02-11,2024-02-13,2024-02-17,DELIVERED,2381.48,2024-02-01,E2E-order-header
O100420,6379,2024-02-15,2024-02-17,2024-02-20,NEW,172.1,2024-02-01,E2E-order-header
O100421,990,2024-02-11,2024-02-14,2024-02-16,NEW,1833.86,2024-02-01,E2E-order-header
O100422,6818,2024-02-06,2024-02-09,2024-02-11,CANCELLED,161.77,2024-02-01,E2E-order-header
O100423,8529,2024-02-01,2024-02-04,2024-02-07,NEW,1793.36,2024-02-01,E2E-order-header
O100424,8141,2024-02-08,2024-02-09,2024-02-10,SHIPPED,766.68,2024-02-01,E2E-order-header
O100425,5688,2024-02-28,2024-03-01,2024-03-03,DELIVERED,501.04,2024-02-01,E2E-order-header
O100426,3697,2024-02-21,2024-02-23,2024-02-26,CANCELLED,2182.34,2024-02-01,E2E-order-header
O100427,22,2024-02-05,2024-02-07,2024-02-09,NEW,688.08,2024-02-01,E2E-order-header
O100428,4703,2024-02-22,2024-02-24,2024-02-26,DELIVERED,317.65,2024-02-01,E2E-order-header
O100429,3479,2024-02-22,2024-02-23,2024-02-25,SHIPPED,745.29,2024-02-01,E2E-order-header
O100430,5208,2024-02-25,2024-02-26,2024-02-28,NEW,1085.47,2024-02-01,E2E-order-header
O100431,8123,2024-02-01,2024-02-03,2024-02-08,SHIPPED,801.45,2024-02-01,E2E-order-header
O100432,686,2024-02-05,2024-02-07,2024-02-10,SHIPPED,398.14,2024-02-01,E2E-order-header
O100433,1218,2024-02-27,2024-03-01,2024-03-04,SHIPPED,1901.36,2024-02-01,E2E-order-header
O100434,7507,2024-02-17,2024-02-18,2024-02-19,SHIPPED,1963.25,2024-02-01,E2E-order-header
O100435,7807,2024-02-24,2024-02-25,2024-03-01,DELIVERED,869.09,2024-02-01,E2E-order-header
O100436,9767,2024-02-24,2024-02-25,2024-02-26,DELIVERED,979.03,2024-02-01,E2E-order-header
O100437,4572,2024-02-02,2024-02-05,2024-02-06,SHIPPED,327.42,2024-02-01,E2E-order-header
O100438,3524,2024-02-15,2024-02-16,2024-02-18,NEW,2125.82,2024-02-01,E2E-order-header
O100439,2940,2024-02-03,2024-02-04,2024-02-05,CANCELLED,394.06,2024-02-01,E2E-order-header
O100440,734,2024-02-17,2024-02-18,2024-02-19,SHIPPED,2475.33,2024-02-01,E2E-order-header
O100441,7689,2024-02-19,2024-02-20,2024-02-22,CANCELLED,181.22,2024-02-01,E2E-order-header
O100442,4902,2024-02-13,2024-02-16,2024-02-18,DELIVERED,2212.67,2024-02-01,E2E-order-header
O100443,6424,2024-02-14,2024-02-17,2024-02-18,NEW,1998.55,2024-02-01,E2E-order-header
O100444,1811,2024-02-20,2024-02-21,2024-02-23,CANCELLED,724.16,2024-02-01,E2E-order-header
O100445,7303,2024-02-01,2024-02-04,2024-02-07,CANCELLED,46.13,2024-02-01,E2E-order-header
O100446,1017,2024-02-14,2024-02-15,2024-02-16,CANCELLED,1948.31,2024-02-01,E2E-order-header
O100447,1844,2024-02-24,2024-02-26,2024-03-02,NEW,1212.27,2024-02-01,E2E-order-header
O100448,987,2024-02-07,2024-02-10,2024-02-15,CANCELLED,1310.49,2024-02-01,E2E-order-header
O100449,1575,2024-02-24,2024-02-27,2024-03-03,NEW,779.09,2024-02-01,E2E-order-header
O100450,7402,2024-02-23,2024-02-26,2024-02-29,NEW,201.09,2024-02-01,E2E-order-header
O100451,7463,2024-02-08,2024-02-11,2024-02-16,CANCELLED,227.18,2024-02-01,E2E-order-header
O100452,9122,2024-02-16,2024-02-17,2024-02-20,NEW,1178.64,2024-02-01,E2E-order-header
O100453,1526,2024-02-13,2024-02-15,2024-02-19,CANCELLED,160.15,2024-02-01,E2E-order-header
O100454,6565,2024-02-27,2024-03-01,2024-03-02,NEW,1414.28,2024-02-01,E2E-order-header
O100455,9828,2024-02-12,2024-02-15,2024-02-17,SHIPPED,2455.36,2024-02-01,E2E-order-header
O100456,418,2024-02-09,2024-02-10,2024-02-11,CANCELLED,2474.35,2024-02-01,E2E-order-header
O100457,5113,2024-02-21,2024-02-23,2024-02-27,CANCELLED,2230.36,2024-02-01,E2E-order-header
O100458,7114,2024-02-19,2024-02-20,2024-02-23,SHIPPED,343.0,2024-02-01,E2E-order-header
O100459,6140,2024-02-04,2024-02-07,2024-02-08,SHIPPED,2121.47,2024-02-01,E2E-order-header
O100460,3911,2024-02-16,2024-02-18,2024-02-22,NEW,652.91,2024-02-01,E2E-order-header
O100461,2309,2024-02-19,2024-02-21,2024-02-24,NEW,1964.03,2024-02-01,E2E-order-header
O100462,8375,2024-02-12,2024-02-13,2024-02-16,DELIVERED,2226.29,2024-02-01,E2E-order-header
O100463,3230,2024-02-26,2024-02-29,2024-03-05,SHIPPED,2012.76,2024-02-01,E2E-order-header
O100464,2859,2024-02-13,2024-02-14,2024-02-17,NEW,573.84,2024-02-01,E2E-order-header
O100465,5387,2024-02-13,2024-02-16,2024-02-18,CANCELLED,879.23,2024-02-01,E2E-order-header
O100466,1676,2024-02-23,2024-02-26,2024-02-27,NEW,1372.15,2024-02-01,E2E-order-header
O100467,8943,2024-02-12,2024-02-14,2024-02-17,NEW,1834.76,2024-02-01,E2E-order-header
O100468,2471,2024-02-07,2024-02-10,2024-02-13,SHIPPED,995.51,2024-02-01,E2E-order-header
O100469,7747,2024-02-28,2024-03-01,2024-03-05,NEW,433.93,2024-02-01,E2E-order-header
O100470,5036,2024-02-20,2024-02-23,2024-02-24,SHIPPED,2234.58,2024-02-01,E2E-order-header
O100471,8348,2024-02-17,2024-02-19,2024-02-23,CANCELLED,1623.53,2024-02-01,E2E-order-header
O100472,5163,2024-02-06,2024-02-09,2024-02-14,CANCELLED,187.14,2024-02-01,E2E-order-header
O100473,4489,2024-02-12,2024-02-13,2024-02-15,SHIPPED,547.47,2024-02-01,E2E-order-header
O100474,3643,2024-02-11,2024-02-12,2024-02-16,CANCELLED,1530.27,2024-02-01,E2E-order-header
O100475,6335,2024-02-05,2024-02-07,2024-02-10,NEW,1370.43,2024-02-01,E2E-order-header
O100476,7551,2024-02-05,2024-02-08,2024-02-09,DELIVERED,2492.15,2024-02-01,E2E-order-header
O100477,10000,2024-02-08,2024-02-10,2024-02-13,DELIVERED,1889.72,2024-02-01,E2E-order-header
O100478,9480,2024-02-20,2024-02-23,2024-02-28,NEW,1784.69,2024-02-01,E2E-order-header
O100479,2891,2024-02-22,2024-02-25,2024-03-01,SHIPPED,1153.28,2024-02-01,E2E-order-header
O100480,302,2024-02-07,2024-02-08,2024-02-11,DELIVERED,1810.22,2024-02-01,E2E-order-header
O100481,7958,2024-02-14,2024-02-15,2024-02-17,CANCELLED,1067.05,2024-02-01,E2E-order-header
O100482,8165,2024-02-18,2024-02-21,2024-02-22,NEW,2026.73,2024-02-01,E2E-order-header
O100483,5035,2024-02-24,2024-02-27,2024-03-03,DELIVERED,1486.14,2024-02-01,E2E-order-header
O100484,4773,2024-02-01,2024-02-04,2024-02-07,NEW,1895.07,2024-02-01,E2E-order-header
O100485,495,2024-02-13,2024-02-14,2024-02-19,CANCELLED,1850.57,2024-02-01,E2E-order-header
O100486,5850,2024-02-25,2024-02-27,2024-03-01,DELIVERED,2375.76,2024-02-01,E2E-order-header
O100487,9040,2024-02-20,2024-02-21,2024-02-22,CANCELLED,175.41,2024-02-01,E2E-order-header
O100488,6172,2024-02-20,2024-02-22,2024-02-26,CANCELLED,1426.82,2024-02-01,E2E-order-header
O100489,8216,2024-02-12,2024-02-15,2024-02-17,SHIPPED,1607.39,2024-02-01,E2E-order-header
O100490,1585,2024-02-23,2024-02-25,2024-02-28,CANCELLED,1931.51,2024-02-01,E2E-order-header
O100491,9068,2024-02-03,2024-02-05,2024-02-06,SHIPPED,994.89,2024-02-01,E2E-order-header
O100492,293,2024-02-28,2024-03-01,2024-03-05,CANCELLED,440.4,2024-02-01,E2E-order-header
O100493,709,2024-02-09,2024-02-11,2024-02-13,NEW,1862.23,2024-02-01,E2E-order-header
O100494,9306,2024-02-09,2024-02-10,2024-02-15,SHIPPED,1101.14,2024-02-01,E2E-order-header
O100495,3566,2024-02-14,2024-02-17,2024-02-20,CANCELLED,193.71,2024-02-01,E2E-order-header
O100496,7994,2024-02-26,2024-02-27,2024-03-03,SHIPPED,2114.96,2024-02-01,E2E-order-header
O100497,5325,2024-02-11,2024-02-13,2024-02-16,CANCELLED,2229.4,2024-02-01,E2E-order-header
O100498,9612,2024-02-12,2024-02-14,2024-02-15,SHIPPED,1909.85,2024-02-01,E2E-order-header
O100499,6633,2024-02-19,2024-02-21,2024-02-22,NEW,2004.12,2024-02-01,E2E-order-header
O100500,3522,2024-02-15,2024-02-16,2024-02-18,CANCELLED,2038.07,2024-02-01,E2E-order-header
O100501,3415,2024-02-08,2024-02-10,2024-02-13,SHIPPED,1793.47,2024-02-01,E2E-order-header
O100502,5005,2024-02-06,2024-02-09,2024-02-12,SHIPPED,1305.35,2024-02-01,E2E-order-header
O100503,9666,2024-02-12,2024-02-13,2024-02-17,CANCELLED,495.15,2024-02-01,E2E-order-header
O100504,4170,2024-02-03,2024-02-04,2024-02-06,SHIPPED,1639.39,2024-02-01,E2E-order-header
O100505,8737,2024-02-03,2024-02-05,2024-02-09,SHIPPED,1719.48,2024-02-01,E2E-order-header
O100506,7996,2024-02-02,2024-02-03,2024-02-07,SHIPPED,1682.65,2024-02-01,E2E-order-header
O100507,3734,2024-02-08,2024-02-10,2024-02-12,SHIPPED,1193.06,2024-02-01,E2E-order-header
O100508,2647,2024-02-13,2024-02-15,2024-02-19,DELIVERED,1552.7,2024-02-01,E2E-order-header
O100509,5749,2024-02-05,2024-02-08,2024-02-10,NEW,465.62,2024-02-01,E2E-order-header
O100510,8418,2024-02-21,2024-02-22,2024-02-24,DELIVERED,837.39,2024-02-01,E2E-order-header
O100511,4242,2024-02-14,2024-02-17,2024-02-22,NEW,204.89,2024-02-01,E2E-order-header
O100512,7708,2024-02-19,2024-02-21,2024-02-23,DELIVERED,529.18,2024-02-01,E2E-order-header
O100513,6160,2024-02-16,2024-02-18,2024-02-20,SHIPPED,474.7,2024-02-01,E2E-order-header
O100514,593,2024-02-07,2024-02-09,2024-02-12,SHIPPED,1656.01,2024-02-01,E2E-order-header
O100515,10080,2024-02-02,2024-02-03,2024-02-07,CANCELLED,165.06,2024-02-01,E2E-order-header
O100516,6354,2024-02-27,2024-02-28,2024-03-01,NEW,1847.93,2024-02-01,E2E-order-header
O100517,8016,2024-02-07,2024-02-08,2024-02-11,NEW,176.41,2024-02-01,E2E-order-header
O100518,5926,2024-02-27,2024-02-28,2024-03-02,SHIPPED,634.0,2024-02-01,E2E-order-header
O100519,7014,2024-02-16,2024-02-19,2024-02-23,SHIPPED,68.23,2024-02-01,E2E-order-header
O100520,1517,2024-02-14,2024-02-16,2024-02-20,DELIVERED,845.2,2024-02-01,E2E-order-header
O100521,10043,2024-02-11,2024-02-12,2024-02-17,CANCELLED,1016.73,2024-02-01,E2E-order-header
O100522,1300,2024-02-04,2024-02-07,2024-02-12,NEW,2356.59,2024-02-01,E2E-order-header
O100523,5299,2024-02-19,2024-02-21,2024-02-25,NEW,2100.73,2024-02-01,E2E-order-header
O100524,8210,2024-02-17,2024-02-20,2024-02-22,SHIPPED,882.5,2024-02-01,E2E-order-header
O100525,1216,2024-02-08,2024-02-10,2024-02-13,NEW,986.59,2024-02-01,E2E-order-header
O100526,4718,2024-02-28,2024-03-01,2024-03-05,CANCELLED,2309.91,2024-02-01,E2E-order-header
O100527,9880,2024-02-28,2024-03-01,2024-03-03,DELIVERED,2313.88,2024-02-01,E2E-order-header
O100528,128,2024-02-11,2024-02-12,2024-02-13,NEW,549.83,2024-02-01,E2E-order-header
O100529,936,2024-02-21,2024-02-23,2024-02-24,NEW,411.2,2024-02-01,E2E-order-header
O100530,7101,2024-02-12,2024-02-14,2024-02-19,CANCELLED,1118.36,2024-02-01,E2E-order-header
O100531,3850,2024-02-18,2024-02-21,2024-02-23,DELIVERED,1361.23,2024-02-01,E2E-order-header
O100532,4944,2024-02-17,2024-02-19,2024-02-23,CANCELLED,177.67,2024-02-01,E2E-order-header
O100533,8049,2024-02-11,2024-02-14,2024-02-19,NEW,1527.35,2024-02-01,E2E-order-header
O100534,4819,2024-02-27,2024-02-29,2024-03-03,SHIPPED,1095.92,2024-02-01,E2E-order-header
O100535,3511,2024-02-06,2024-02-09,2024-02-12,NEW,1021.8,2024-02-01,E2E-order-header
O100536,3310,2024-02-03,2024-02-04,2024-02-09,NEW,1187.46,2024-02-01,E2E-order-header
O100537,7757,2024-02-24,2024-02-26,2024-03-01,SHIPPED,2265.16,2024-02-01,E2E-order-header
O100538,8132,2024-02-08,2024-02-09,2024-02-10,NEW,817.66,2024-02-01,E2E-order-header
O100539,3999,2024-02-18,2024-02-19,2024-02-24,NEW,341.96,2024-02-01,E2E-order-header
O100540,3574,2024-02-23,2024-02-24,2024-02-25,DELIVERED,1716.93,2024-02-01,E2E-order-header
O100541,4405,2024-02-12,2024-02-14,2024-02-16,DELIVERED,2180.85,2024-02-01,E2E-order-header
O100542,8040,2024-02-18,2024-02-19,2024-02-21,NEW,648.53,2024-02-01,E2E-order-header
O100543,3846,2024-02-18,2024-02-19,2024-02-24,NEW,2041.67,2024-02-01,E2E-order-header
O100544,7103,2024-02-13,2024-02-14,2024-02-17,NEW,2224.09,2024-02-01,E2E-order-header
O100545,8690,2024-02-13,2024-02-15,2024-02-20,DELIVERED,1205.27,2024-02-01,E2E-order-header
O100546,7863,2024-02-21,2024-02-22,2024-02-23,DELIVERED,1115.68,2024-02-01,E2E-order-header
O100547,1952,2024-02-05,2024-02-08,2024-02-11,DELIVERED,1598.65,2024-02-01,E2E-order-header
O100548,4666,2024-02-03,2024-02-04,2024-02-08,CANCELLED,1490.76,2024-02-01,E2E-order-header
O100549,4569,2024-02-09,2024-02-11,2024-02-16,DELIVERED,932.94,2024-02-01,E2E-order-header
O100550,8656,2024-02-09,2024-02-11,2024-02-16,NEW,2148.18,2024-02-01,E2E-order-header
O100551,9662,2024-02-27,2024-03-01,2024-03-04,SHIPPED,1519.89,2024-02-01,E2E-order-header
O100552,866,2024-02-02,2024-02-04,2024-02-06,SHIPPED,538.36,2024-02-01,E2E-order-header
O100553,7026,2024-02-28,2024-02-29,2024-03-02,SHIPPED,263.49,2024-02-01,E2E-order-header
O100554,8016,2024-02-08,2024-02-09,2024-02-13,CANCELLED,2284.18,2024-02-01,E2E-order-header
O100555,5520,2024-02-17,2024-02-19,2024-02-24,SHIPPED,209.89,2024-02-01,E2E-order-header
O100556,1803,2024-02-26,2024-02-28,2024-03-02,DELIVERED,2196.96,2024-02-01,E2E-order-header
O100557,9467,2024-02-04,2024-02-06,2024-02-09,DELIVERED,940.01,2024-02-01,E2E-order-header
O100558,5415,2024-02-03,2024-02-06,2024-02-11,CANCELLED,787.68,2024-02-01,E2E-order-header
O100559,320,2024-02-26,2024-02-27,2024-02-29,NEW,2074.82,2024-02-01,E2E-order-header
O100560,2196,2024-02-14,2024-02-16,2024-02-20,CANCELLED,2429.14,2024-02-01,E2E-order-header
O100561,10052,2024-02-22,2024-02-24,2024-02-25,DELIVERED,1256.6,2024-02-01,E2E-order-header
O100562,7964,2024-02-27,2024-02-28,2024-02-29,NEW,1625.16,2024-02-01,E2E-order-header
O100563,4687,2024-02-21,2024-02-23,2024-02-24,CANCELLED,1502.84,2024-02-01,E2E-order-header
O100564,5534,2024-02-24,2024-02-26,2024-03-01,CANCELLED,1189.45,2024-02-01,E2E-order-header
O100565,6270,2024-02-24,2024-02-26,2024-02-29,SHIPPED,351.55,2024-02-01,E2E-order-header
O100566,4063,2024-02-01,2024-02-04,2024-02-05,CANCELLED,292.83,2024-02-01,E2E-order-header
O100567,3121,2024-02-20,2024-02-22,2024-02-27,DELIVERED,1715.58,2024-02-01,E2E-order-header
O100568,401,2024-02-02,2024-02-03,2024-02-06,DELIVERED,250.26,2024-02-01,E2E-order-header
O100569,2217,2024-02-14,2024-02-16,2024-02-17,DELIVERED,853.94,2024-02-01,E2E-order-header
O100570,5819,2024-02-10,2024-02-12,2024-02-13,NEW,296.01,2024-02-01,E2E-order-header
O100571,5136,2024-02-22,2024-02-24,2024-02-26,DELIVERED,509.63,2024-02-01,E2E-order-header
O100572,6858,2024-02-08,2024-02-09,2024-02-13,NEW,353.18,2024-02-01,E2E-order-header
O100573,4308,2024-02-24,2024-02-25,2024-02-26,DELIVERED,1401.22,2024-02-01,E2E-order-header
O100574,7391,2024-02-03,2024-02-06,2024-02-09,NEW,57.07,2024-02-01,E2E-order-header
O100575,7762,2024-02-22,2024-02-23,2024-02-28,NEW,1701.04,2024-02-01,E2E-order-header
O100576,4609,2024-02-05,2024-02-07,2024-02-11,SHIPPED,1025.9,2024-02-01,E2E-order-header
O100577,5611,2024-02-02,2024-02-03,2024-02-06,DELIVERED,962.37,2024-02-01,E2E-order-header
O100578,3587,2024-02-01,2024-02-04,2024-02-08,DELIVERED,870.26,2024-02-01,E2E-order-header
O100579,4659,2024-02-21,2024-02-24,2024-02-29,DELIVERED,1822.03,2024-02-01,E2E-order-header
O100580,6927,2024-02-28,2024-03-01,2024-03-03,SHIPPED,1484.36,2024-02-01,E2E-order-header
O100581,9880,2024-02-16,2024-02-17,2024-02-21,DELIVERED,1986.08,2024-02-01,E2E-order-header
O100582,8048,2024-02-18,2024-02-21,2024-02-22,SHIPPED,2425.91,2024-02-01,E2E-order-header
O100583,5819,2024-02-25,2024-02-28,2024-03-03,NEW,1434.58,2024-02-01,E2E-order-header
O100584,4657,2024-02-16,2024-02-18,2024-02-20,SHIPPED,1298.2,2024-02-01,E2E-order-header
O100585,3097,2024-02-23,2024-02-25,2024-02-28,CANCELLED,1059.88,2024-02-01,E2E-order-header
O100586,2701,2024-02-23,2024-02-24,2024-02-27,DELIVERED,1231.0,2024-02-01,E2E-order-header
O100587,1279,2024-02-05,2024-02-07,2024-02-11,NEW,298.01,2024-02-01,E2E-order-header
O100588,291,2024-02-24,2024-02-25,2024-03-01,CANCELLED,2459.25,2024-02-01,E2E-order-header
O100589,3793,2024-02-12,2024-02-14,2024-02-16,NEW,130.96,2024-02-01,E2E-order-header
O100590,3214,2024-02-04,2024-02-05,2024-02-07,SHIPPED,1552.66,2024-02-01,E2E-order-header
O100591,2094,2024-02-26,2024-02-27,2024-03-02,SHIPPED,2464.02,2024-02-01,E2E-order-header
O100592,3002,2024-02-10,2024-02-13,2024-02-18,NEW,836.16,2024-02-01,E2E-order-header
O100593,6362,2024-02-23,2024-02-24,2024-02-26,DELIVERED,686.06,2024-02-01,E2E-order-header
O100594,1028,2024-02-22,2024-02-23,2024-02-26,NEW,932.18,2024-02-01,E2E-order-header
O100595,8079,2024-02-17,2024-02-20,2024-02-23,CANCELLED,2173.65,2024-02-01,E2E-order-header
O100596,3032,2024-02-15,2024-02-17,2024-02-22,CANCELLED,1559.37,2024-02-01,E2E-order-header
O100597,8717,2024-02-22,2024-02-23,2024-02-27,CANCELLED,2121.33,2024-02-01,E2E-order-header
O100598,3567,2024-02-18,2024-02-21,2024-02-24,SHIPPED,1957.0,2024-02-01,E2E-order-header
O100599,6032,2024-02-07,2024-02-08,2024-02-13,DELIVERED,630.59,2024-02-01,E2E-order-header
O100600,8565,2024-02-22,2024-02-24,2024-02-27,CANCELLED,1574.95,2024-02-01,E2E-order-header
O100601,6642,2024-02-25,2024-02-27,2024-02-29,NEW,677.78,2024-02-01,E2E-order-header
O100602,8594,2024-02-02,2024-02-04,2024-02-05,SHIPPED,1266.57,2024-02-01,E2E-order-header
O100603,613,2024-02-13,2024-02-14,2024-02-19,DELIVERED,2411.84,2024-02-01,E2E-order-header
O100604,3681,2024-02-04,2024-02-07,2024-02-08,DELIVERED,1868.11,2024-02-01,E2E-order-header
O100605,5824,2024-02-17,2024-02-18,2024-02-22,NEW,649.59,2024-02-01,E2E-order-header
O100606,3339,2024-02-12,2024-02-15,2024-02-17,DELIVERED,1408.29,2024-02-01,E2E-order-header
O100607,9985,2024-02-08,2024-02-09,2024-02-10,SHIPPED,2032.94,2024-02-01,E2E-order-header
O100608,7364,2024-02-22,2024-02-25,2024-02-26,SHIPPED,1868.66,2024-02-01,E2E-order-header
O100609,1351,2024-02-17,2024-02-19,2024-02-20,SHIPPED,2472.86,2024-02-01,E2E-order-header
O100610,193,2024-02-16,2024-02-19,2024-02-20,CANCELLED,817.06,2024-02-01,E2E-order-header
O100611,2432,2024-02-24,2024-02-27,2024-02-29,NEW,1457.59,2024-02-01,E2E-order-header
O100612,769,2024-02-16,2024-02-19,2024-02-21,SHIPPED,2395.46,2024-02-01,E2E-order-header
O100613,862,2024-02-10,2024-02-12,2024-02-15,SHIPPED,1728.26,2024-02-01,E2E-order-header
O100614,553,2024-02-28,2024-03-01,2024-03-03,NEW,1954.9,2024-02-01,E2E-order-header
O100615,6007,2024-02-19,2024-02-20,2024-02-25,NEW,1542.64,2024-02-01,E2E-order-header
O100616,6559,2024-02-25,2024-02-26,2024-03-01,DELIVERED,2420.89,2024-02-01,E2E-order-header
O100617,823,2024-02-11,2024-02-14,2024-02-15,DELIVERED,1090.84,2024-02-01,E2E-order-header
O100618,7652,2024-02-23,2024-02-24,2024-02-27,DELIVERED,157.0,2024-02-01,E2E-order-header
O100619,2510,2024-02-07,2024-02-09,2024-02-11,DELIVERED,1836.85,2024-02-01,E2E-order-header
O100620,6497,2024-02-09,2024-02-11,2024-02-13,SHIPPED,2437.74,2024-02-01,E2E-order-header
O100621,4377,2024-02-24,2024-02-25,2024-02-28,NEW,2115.67,2024-02-01,E2E-order-header
O100622,3267,2024-02-27,2024-02-29,2024-03-02,SHIPPED,2301.91,2024-02-01,E2E-order-header
O100623,4459,2024-02-18,2024-02-20,2024-02-23,CANCELLED,1045.25,2024-02-01,E2E-order-header
O100624,1873,2024-02-22,2024-02-25,2024-02-26,SHIPPED,1845.78,2024-02-01,E2E-order-header
O100625,3000,2024-02-02,2024-02-05,2024-02-06,CANCELLED,1998.62,2024-02-01,E2E-order-header
O100626,3616,2024-02-28,2024-03-01,2024-03-03,NEW,1728.82,2024-02-01,E2E-order-header
O100627,6480,2024-02-01,2024-02-04,2024-02-09,CANCELLED,1382.99,2024-02-01,E2E-order-header
O100628,6703,2024-02-18,2024-02-21,2024-02-26,NEW,714.61,2024-02-01,E2E-order-header
O100629,587,2024-02-10,2024-02-13,2024-02-15,NEW,1915.15,2024-02-01,E2E-order-header
O100630,2376,2024-02-13,2024-02-16,2024-02-17,CANCELLED,1095.17,2024-02-01,E2E-order-header
O100631,8860,2024-02-17,2024-02-18,2024-02-19,DELIVERED,2099.17,2024-02-01,E2E-order-header
O100632,5061,2024-02-08,2024-02-10,2024-02-11,NEW,382.83,2024-02-01,E2E-order-header
O100633,6290,2024-02-25,2024-02-27,2024-03-02,CANCELLED,649.83,2024-02-01,E2E-order-header
O100634,8307,2024-02-16,2024-02-17,2024-02-20,DELIVERED,1920.48,2024-02-01,E2E-order-header
O100635,2996,2024-02-09,2024-02-12,2024-02-16,DELIVERED,953.32,2024-02-01,E2E-order-header
O100636,1107,2024-02-25,2024-02-26,2024-02-29,NEW,1537.31,2024-02-01,E2E-order-header
O100637,1577,2024-02-23,2024-02-25,2024-02-26,CANCELLED,740.31,2024-02-01,E2E-order-header
O100638,4404,2024-02-13,2024-02-15,2024-02-19,DELIVERED,2484.79,2024-02-01,E2E-order-header
O100639,4161,2024-02-06,2024-02-07,2024-02-12,DELIVERED,2368.58,2024-02-01,E2E-order-header
O100640,7800,2024-02-11,2024-02-14,2024-02-15,SHIPPED,2200.4,2024-02-01,E2E-order-header
O100641,5142,2024-02-18,2024-02-19,2024-02-23,DELIVERED,1809.71,2024-02-01,E2E-order-header
O100642,5300,2024-02-14,2024-02-17,2024-02-20,NEW,416.67,2024-02-01,E2E-order-header
O100643,10004,2024-02-04,2024-02-07,2024-02-10,NEW,1050.42,2024-02-01,E2E-order-header
O100644,5086,2024-02-20,2024-02-23,2024-02-28,CANCELLED,512.02,2024-02-01,E2E-order-header
O100645,7490,2024-02-18,2024-02-19,2024-02-20,DELIVERED,1881.13,2024-02-01,E2E-order-header
O100646,2785,2024-02-18,2024-02-21,2024-02-24,SHIPPED,2474.57,2024-02-01,E2E-order-header
O100647,4292,2024-02-11,2024-02-12,2024-02-16,CANCELLED,751.36,2024-02-01,E2E-order-header
O100648,6570,2024-02-26,2024-02-29,2024-03-03,SHIPPED,395.74,2024-02-01,E2E-order-header
O100649,7184,2024-02-14,2024-02-17,2024-02-19,NEW,1938.13,2024-02-01,E2E-order-header
O100650,7703,2024-02-14,2024-02-15,2024-02-20,NEW,1441.09,2024-02-01,E2E-order-header
O100651,1468,2024-02-26,2024-02-29,2024-03-05,CANCELLED,244.13,2024-02-01,E2E-order-header
O100652,3787,2024-02-14,2024-02-16,2024-02-17,SHIPPED,2132.64,2024-02-01,E2E-order-header
O100653,5972,2024-02-04,2024-02-06,2024-02-09,CANCELLED,1861.91,2024-02-01,E2E-order-header
O100654,7046,2024-02-03,2024-02-06,2024-02-09,NEW,1254.57,2024-02-01,E2E-order-header
O100655,802,2024-02-05,2024-02-08,2024-02-13,DELIVERED,1240.4,2024-02-01,E2E-order-header
O100656,327,2024-02-02,2024-02-04,2024-02-06,SHIPPED,1960.63,2024-02-01,E2E-order-header
O100657,3149,2024-02-01,2024-02-03,2024-02-05,DELIVERED,2387.0,2024-02-01,E2E-order-header
O100658,4091,2024-02-05,2024-02-06,2024-02-10,NEW,1267.43,2024-02-01,E2E-order-header
O100659,6500,2024-02-02,2024-02-04,2024-02-09,DELIVERED,861.18,2024-02-01,E2E-order-header
O100660,7300,2024-02-26,2024-02-27,2024-03-03,NEW,1714.48,2024-02-01,E2E-order-header
O100661,7313,2024-02-26,2024-02-29,2024-03-03,CANCELLED,1311.54,2024-02-01,E2E-order-header
O100662,8348,2024-02-26,2024-02-27,2024-03-03,NEW,889.33,2024-02-01,E2E-order-header
O100663,5957,2024-02-02,2024-02-05,2024-02-10,CANCELLED,1201.59,2024-02-01,E2E-order-header
O100664,1573,2024-02-16,2024-02-17,2024-02-19,SHIPPED,1994.39,2024-02-01,E2E-order-header
O100665,4972,2024-02-17,2024-02-18,2024-02-23,SHIPPED,1839.6,2024-02-01,E2E-order-header
O100666,2857,2024-02-15,2024-02-17,2024-02-20,CANCELLED,1432.59,2024-02-01,E2E-order-header
O100667,6282,2024-02-04,2024-02-05,2024-02-10,DELIVERED,2404.23,2024-02-01,E2E-order-header
O100668,8253,2024-02-16,2024-02-18,2024-02-19,CANCELLED,518.49,2024-02-01,E2E-order-header
O100669,9699,2024-02-27,2024-02-29,2024-03-03,NEW,1363.3,2024-02-01,E2E-order-header
O100670,3620,2024-02-22,2024-02-23,2024-02-24,DELIVERED,2421.66,2024-02-01,E2E-order-header
O100671,4549,2024-02-10,2024-02-13,2024-02-16,NEW,2417.5,2024-02-01,E2E-order-header
O100672,5878,2024-02-22,2024-02-23,2024-02-25,SHIPPED,1129.16,2024-02-01,E2E-order-header
O100673,8263,2024-02-01,2024-02-02,2024-02-04,CANCELLED,664.41,2024-02-01,E2E-order-header
O100674,446,2024-02-16,2024-02-18,2024-02-21,DELIVERED,51.52,2024-02-01,E2E-order-header
O100675,4424,2024-02-11,2024-02-12,2024-02-13,DELIVERED,1155.68,2024-02-01,E2E-order-header
O100676,8088,2024-02-20,2024-02-21,2024-02-25,NEW,1029.69,2024-02-01,E2E-order-header
O100677,1153,2024-02-18,2024-02-19,2024-02-20,NEW,2469.84,2024-02-01,E2E-order-header
O100678,3867,2024-02-16,2024-02-19,2024-02-23,DELIVERED,660.5,2024-02-01,E2E-order-header
O100679,1973,2024-02-09,2024-02-11,2024-02-12,CANCELLED,2087.05,2024-02-01,E2E-order-header
O100680,995,2024-02-05,2024-02-06,2024-02-09,SHIPPED,738.82,2024-02-01,E2E-order-header
O100681,7060,2024-02-23,2024-02-26,2024-02-29,DELIVERED,2010.89,2024-02-01,E2E-order-header
O100682,9980,2024-02-27,2024-02-29,2024-03-05,NEW,1360.65,2024-02-01,E2E-order-header
O100683,5488,2024-02-03,2024-02-04,2024-02-09,NEW,487.81,2024-02-01,E2E-order-header
O100684,2537,2024-02-04,2024-02-07,2024-02-12,DELIVERED,360.46,2024-02-01,E2E-order-header
O100685,8039,2024-02-20,2024-02-21,2024-02-22,CANCELLED,1886.28,2024-02-01,E2E-order-header
O100686,9430,2024-02-24,2024-02-27,2024-02-29,NEW,1853.08,2024-02-01,E2E-order-header
O100687,5895,2024-02-09,2024-02-10,2024-02-15,CANCELLED,163.18,2024-02-01,E2E-order-header
O100688,10054,2024-02-11,2024-02-12,2024-02-17,CANCELLED,2176.91,2024-02-01,E2E-order-header
O100689,3906,2024-02-26,2024-02-27,2024-03-02,CANCELLED,704.8,2024-02-01,E2E-order-header
O100690,9051,2024-02-11,2024-02-13,2024-02-15,SHIPPED,1887.88,2024-02-01,E2E-order-header
O100691,1719,2024-02-22,2024-02-23,2024-02-24,DELIVERED,1659.23,2024-02-01,E2E-order-header
O100692,5457,2024-02-11,2024-02-12,2024-02-14,SHIPPED,859.39,2024-02-01,E2E-order-header
O100693,6070,2024-02-09,2024-02-11,2024-02-12,NEW,177.06,2024-02-01,E2E-order-header
O100694,9003,2024-02-22,2024-02-23,2024-02-25,SHIPPED,1417.62,2024-02-01,E2E-order-header
O100695,2572,2024-02-26,2024-02-28,2024-03-02,DELIVERED,1661.28,2024-02-01,E2E-order-header
O100696,6308,2024-02-02,2024-02-05,2024-02-09,NEW,1941.64,2024-02-01,E2E-order-header
O100697,2703,2024-02-02,2024-02-03,2024-02-05,SHIPPED,1426.69,2024-02-01,E2E-order-header
O100698,111,2024-02-15,2024-02-16,2024-02-19,DELIVERED,843.65,2024-02-01,E2E-order-header
O100699,5816,2024-02-21,2024-02-22,2024-02-26,CANCELLED,1423.11,2024-02-01,E2E-order-header
O100700,7739,2024-02-15,2024-02-18,2024-02-20,CANCELLED,1755.31,2024-02-01,E2E-order-header
O100701,6499,2024-02-11,2024-02-12,2024-02-13,NEW,1914.69,2024-02-01,E2E-order-header
O100702,2682,2024-02-12,2024-02-15,2024-02-16,SHIPPED,1357.64,2024-02-01,E2E-order-header
O100703,5184,2024-02-06,2024-02-08,2024-02-13,DELIVERED,2116.61,2024-02-01,E2E-order-header
O100704,50,2024-02-10,2024-02-11,2024-02-15,CANCELLED,2097.46,2024-02-01,E2E-order-header
O100705,3384,2024-02-14,2024-02-16,2024-02-17,CANCELLED,1121.9,2024-02-01,E2E-order-header
O100706,3429,2024-02-02,2024-02-03,2024-02-06,CANCELLED,1767.26,2024-02-01,E2E-order-header
O100707,6698,2024-02-17,2024-02-20,2024-02-23,CANCELLED,206.86,2024-02-01,E2E-order-header
O100708,1683,2024-02-05,2024-02-08,2024-02-12,NEW,1371.75,2024-02-01,E2E-order-header
O100709,4243,2024-02-26,2024-02-29,2024-03-05,CANCELLED,1499.99,2024-02-01,E2E-order-header
O100710,2565,2024-02-07,2024-02-08,2024-02-13,SHIPPED,1870.8,2024-02-01,E2E-order-header
O100711,6690,2024-02-04,2024-02-05,2024-02-09,DELIVERED,1720.07,2024-02-01,E2E-order-header
O100712,1956,2024-02-14,2024-02-15,2024-02-18,DELIVERED,2202.78,2024-02-01,E2E-order-header
O100713,656,2024-02-25,2024-02-28,2024-03-02,DELIVERED,1653.0,2024-02-01,E2E-order-header
O100714,1159,2024-02-01,2024-02-03,2024-02-04,DELIVERED,744.69,2024-02-01,E2E-order-header
O100715,3762,2024-02-14,2024-02-15,2024-02-16,NEW,1355.12,2024-02-01,E2E-order-header
O100716,3554,2024-02-19,2024-02-22,2024-02-24,CANCELLED,786.71,2024-02-01,E2E-order-header
O100717,6636,2024-02-16,2024-02-19,2024-02-24,DELIVERED,2113.28,2024-02-01,E2E-order-header
O100718,5827,2024-02-27,2024-03-01,2024-03-02,SHIPPED,361.8,2024-02-01,E2E-order-header
O100719,156,2024-02-01,2024-02-02,2024-02-07,NEW,645.27,2024-02-01,E2E-order-header
O100720,7005,2024-02-14,2024-02-15,2024-02-16,CANCELLED,1661.47,2024-02-01,E2E-order-header
O100721,7667,2024-02-06,2024-02-07,2024-02-12,DELIVERED,903.94,2024-02-01,E2E-order-header
O100722,854,2024-02-04,2024-02-07,2024-02-12,SHIPPED,36.41,2024-02-01,E2E-order-header
O100723,8166,2024-02-23,2024-02-24,2024-02-25,NEW,571.02,2024-02-01,E2E-order-header
O100724,8905,2024-02-03,2024-02-06,2024-02-09,DELIVERED,1405.13,2024-02-01,E2E-order-header
O100725,4881,2024-02-14,2024-02-16,2024-02-19,DELIVERED,1527.29,2024-02-01,E2E-order-header
O100726,10019,2024-02-09,2024-02-12,2024-02-17,DELIVERED,949.03,2024-02-01,E2E-order-header
O100727,8336,2024-02-07,2024-02-08,2024-02-10,NEW,1058.73,2024-02-01,E2E-order-header
O100728,4598,2024-02-17,2024-02-20,2024-02-25,DELIVERED,462.34,2024-02-01,E2E-order-header
O100729,6855,2024-02-25,2024-02-26,2024-02-27,DELIVERED,1521.62,2024-02-01,E2E-order-header
O100730,8746,2024-02-25,2024-02-27,2024-03-01,SHIPPED,150.46,2024-02-01,E2E-order-header
O100731,2788,2024-02-07,2024-02-09,2024-02-13,DELIVERED,702.05,2024-02-01,E2E-order-header
O100732,2264,2024-02-20,2024-02-21,2024-02-22,CANCELLED,1888.15,2024-02-01,E2E-order-header
O100733,7093,2024-02-01,2024-02-03,2024-02-08,SHIPPED,1132.29,2024-02-01,E2E-order-header
O100734,5492,2024-02-02,2024-02-05,2024-02-09,SHIPPED,794.56,2024-02-01,E2E-order-header
O100735,2169,2024-02-05,2024-02-07,2024-02-11,NEW,672.24,2024-02-01,E2E-order-header
O100736,2355,2024-02-17,2024-02-18,2024-02-21,DELIVERED,56.13,2024-02-01,E2E-order-header
O100737,8345,2024-02-18,2024-02-20,2024-02-23,DELIVERED,1790.92,2024-02-01,E2E-order-header
O100738,369,2024-02-18,2024-02-21,2024-02-23,CANCELLED,1448.52,2024-02-01,E2E-order-header
O100739,3706,2024-02-28,2024-02-29,2024-03-05,CANCELLED,802.04,2024-02-01,E2E-order-header
O100740,4249,2024-02-06,2024-02-07,2024-02-12,NEW,1512.12,2024-02-01,E2E-order-header
O100741,2275,2024-02-05,2024-02-08,2024-02-09,DELIVERED,822.29,2024-02-01,E2E-order-header
O100742,3336,2024-02-05,2024-02-07,2024-02-12,SHIPPED,1535.51,2024-02-01,E2E-order-header
O100743,9336,2024-02-11,2024-02-14,2024-02-19,CANCELLED,2193.79,2024-02-01,E2E-order-header
O100744,5730,2024-02-09,2024-02-11,2024-02-16,SHIPPED,2449.9,2024-02-01,E2E-order-header
O100745,3825,2024-02-08,2024-02-11,2024-02-13,SHIPPED,2130.98,2024-02-01,E2E-order-header
O100746,1928,2024-02-19,2024-02-22,2024-02-25,SHIPPED,1082.28,2024-02-01,E2E-order-header
O100747,7589,2024-02-19,2024-02-22,2024-02-24,CANCELLED,1989.97,2024-02-01,E2E-order-header
O100748,782,2024-02-12,2024-02-14,2024-02-17,SHIPPED,1993.15,2024-02-01,E2E-order-header
O100749,9548,2024-02-14,2024-02-17,2024-02-20,NEW,2249.24,2024-02-01,E2E-order-header
O100750,6024,2024-02-26,2024-02-27,2024-03-02,CANCELLED,867.46,2024-02-01,E2E-order-header
O100751,1756,2024-02-11,2024-02-14,2024-02-16,DELIVERED,1482.47,2024-02-01,E2E-order-header
O100752,7478,2024-02-17,2024-02-20,2024-02-22,CANCELLED,2096.19,2024-02-01,E2E-order-header
O100753,2718,2024-02-05,2024-02-08,2024-02-13,SHIPPED,56.29,2024-02-01,E2E-order-header
O100754,7308,2024-02-22,2024-02-24,2024-02-26,NEW,903.7,2024-02-01,E2E-order-header
O100755,5989,2024-02-09,2024-02-10,2024-02-14,NEW,945.68,2024-02-01,E2E-order-header
O100756,9235,2024-02-10,2024-02-13,2024-02-14,NEW,1882.93,2024-02-01,E2E-order-header
O100757,488,2024-02-16,2024-02-18,2024-02-19,NEW,2102.05,2024-02-01,E2E-order-header
O100758,6870,2024-02-05,2024-02-06,2024-02-07,NEW,643.91,2024-02-01,E2E-order-header
O100759,7196,2024-02-23,2024-02-24,2024-02-27,NEW,2490.09,2024-02-01,E2E-order-header
O100760,972,2024-02-27,2024-02-29,2024-03-05,SHIPPED,984.77,2024-02-01,E2E-order-header
O100761,7598,2024-02-01,2024-02-04,2024-02-06,CANCELLED,2352.14,2024-02-01,E2E-order-header
O100762,3596,2024-02-28,2024-02-29,2024-03-01,SHIPPED,2272.68,2024-02-01,E2E-order-header
O100763,5890,2024-02-18,2024-02-21,2024-02-25,CANCELLED,805.26,2024-02-01,E2E-order-header
O100764,855,2024-02-02,2024-02-03,2024-02-08,NEW,2342.73,2024-02-01,E2E-order-header
O100765,10015,2024-02-26,2024-02-27,2024-02-28,SHIPPED,226.81,2024-02-01,E2E-order-header
O100766,5733,2024-02-11,2024-02-12,2024-02-13,CANCELLED,811.89,2024-02-01,E2E-order-header
O100767,2735,2024-02-23,2024-02-26,2024-02-28,CANCELLED,1717.85,2024-02-01,E2E-order-header
O100768,1368,2024-02-24,2024-02-27,2024-02-29,SHIPPED,2066.41,2024-02-01,E2E-order-header
O100769,4352,2024-02-02,2024-02-03,2024-02-06,CANCELLED,96.63,2024-02-01,E2E-order-header
O100770,3843,2024-02-15,2024-02-17,2024-02-22,CANCELLED,302.18,2024-02-01,E2E-order-header
O100771,7565,2024-02-20,2024-02-21,2024-02-25,NEW,440.47,2024-02-01,E2E-order-header
O100772,3569,2024-02-23,2024-02-25,2024-02-28,DELIVERED,1377.38,2024-02-01,E2E-order-header
O100773,7414,2024-02-22,2024-02-24,2024-02-27,NEW,2373.32,2024-02-01,E2E-order-header
O100774,2062,2024-02-15,2024-02-18,2024-02-23,NEW,542.67,2024-02-01,E2E-order-header
O100775,3039,2024-02-08,2024-02-10,2024-02-12,NEW,176.6,2024-02-01,E2E-order-header
O100776,6811,2024-02-26,2024-02-29,2024-03-01,DELIVERED,53.66,2024-02-01,E2E-order-header
O100777,1426,2024-02-14,2024-02-17,2024-02-18,NEW,2146.5,2024-02-01,E2E-order-header
O100778,5711,2024-02-15,2024-02-17,2024-02-22,DELIVERED,803.43,2024-02-01,E2E-order-header
O100779,9313,2024-02-13,2024-02-15,2024-02-17,NEW,568.71,2024-02-01,E2E-order-header
O100780,6138,2024-02-16,2024-02-19,2024-02-24,NEW,350.39,2024-02-01,E2E-order-header
O100781,7686,2024-02-06,2024-02-09,2024-02-12,NEW,2058.43,2024-02-01,E2E-order-header
O100782,6129,2024-02-17,2024-02-19,2024-02-22,SHIPPED,1537.92,2024-02-01,E2E-order-header
O100783,1071,2024-02-26,2024-02-29,2024-03-01,DELIVERED,2460.99,2024-02-01,E2E-order-header
O100784,3620,2024-02-19,2024-02-22,2024-02-27,NEW,106.15,2024-02-01,E2E-order-header
O100785,3326,2024-02-10,2024-02-13,2024-02-16,SHIPPED,2360.96,2024-02-01,E2E-order-header
O100786,2547,2024-02-25,2024-02-27,2024-03-03,DELIVERED,818.12,2024-02-01,E2E-order-header
O100787,6343,2024-02-24,2024-02-25,2024-02-28,NEW,1961.83,2024-02-01,E2E-order-header
O100788,6368,2024-02-19,2024-02-22,2024-02-25,CANCELLED,650.01,2024-02-01,E2E-order-header
O100789,7617,2024-02-10,2024-02-12,2024-02-16,DELIVERED,1908.69,2024-02-01,E2E-order-header
O100790,8805,2024-02-19,2024-02-21,2024-02-23,DELIVERED,558.6,2024-02-01,E2E-order-header
O100791,6219,2024-02-28,2024-02-29,2024-03-04,SHIPPED,1571.43,2024-02-01,E2E-order-header
O100792,4207,2024-02-23,2024-02-25,2024-03-01,NEW,2471.33,2024-02-01,E2E-order-header
O100793,10045,2024-02-02,2024-02-05,2024-02-07,SHIPPED,1526.38,2024-02-01,E2E-order-header
O100794,8369,2024-02-20,2024-02-21,2024-02-22,DELIVERED,1997.85,2024-02-01,E2E-order-header
O100795,3700,2024-02-07,2024-02-08,2024-02-10,NEW,1724.94,2024-02-01,E2E-order-header
O100796,4376,2024-02-26,2024-02-28,2024-03-01,DELIVERED,783.29,2024-02-01,E2E-order-header
O100797,8949,2024-02-04,2024-02-06,2024-02-08,SHIPPED,1775.22,2024-02-01,E2E-order-header
O100798,649,2024-02-09,2024-02-12,2024-02-16,NEW,2340.85,2024-02-01,E2E-order-header
O100799,6109,2024-02-22,2024-02-23,2024-02-28,DELIVERED,1122.69,2024-02-01,E2E-order-header
O100800,8444,2024-02-08,2024-02-11,2024-02-14,NEW,1769.44,2024-02-01,E2E-order-header
O100801,9650,2024-02-01,2024-02-03,2024-02-04,CANCELLED,2311.12,2024-02-01,E2E-order-header
O100802,4192,2024-02-27,2024-02-29,2024-03-01,CANCELLED,1831.56,2024-02-01,E2E-order-header
O100803,2824,2024-02-13,2024-02-15,2024-02-17,DELIVERED,87.25,2024-02-01,E2E-order-header
O100804,7,2024-02-05,2024-02-07,2024-02-12,CANCELLED,171.91,2024-02-01,E2E-order-header
O100805,6754,2024-02-21,2024-02-23,2024-02-26,SHIPPED,1237.7,2024-02-01,E2E-order-header
O100806,2703,2024-02-23,2024-02-24,2024-02-25,DELIVERED,431.16,2024-02-01,E2E-order-header
O100807,8962,2024-02-05,2024-02-07,2024-02-08,CANCELLED,1128.44,2024-02-01,E2E-order-header
O100808,1783,2024-02-12,2024-02-15,2024-02-16,DELIVERED,703.62,2024-02-01,E2E-order-header
O100809,3798,2024-02-14,2024-02-17,2024-02-22,SHIPPED,609.58,2024-02-01,E2E-order-header
O100810,5124,2024-02-01,2024-02-04,2024-02-06,DELIVERED,2394.18,2024-02-01,E2E-order-header
O100811,3863,2024-02-10,2024-02-11,2024-02-12,CANCELLED,1197.28,2024-02-01,E2E-order-header
O100812,544,2024-02-07,2024-02-09,2024-02-10,SHIPPED,1934.06,2024-02-01,E2E-order-header
O100813,6828,2024-02-07,2024-02-10,2024-02-13,DELIVERED,137.67,2024-02-01,E2E-order-header
O100814,9174,2024-02-01,2024-02-03,2024-02-06,DELIVERED,1202.77,2024-02-01,E2E-order-header
O100815,7485,2024-02-03,2024-02-06,2024-02-09,NEW,1822.99,2024-02-01,E2E-order-header
O100816,9797,2024-02-19,2024-02-20,2024-02-22,CANCELLED,515.64,2024-02-01,E2E-order-header
O100817,2772,2024-02-06,2024-02-08,2024-02-09,NEW,535.69,2024-02-01,E2E-order-header
O100818,9167,2024-02-06,2024-02-09,2024-02-10,CANCELLED,2496.04,2024-02-01,E2E-order-header
O100819,2736,2024-02-25,2024-02-27,2024-03-02,CANCELLED,564.74,2024-02-01,E2E-order-header
O100820,1433,2024-02-13,2024-02-14,2024-02-15,CANCELLED,1076.33,2024-02-01,E2E-order-header
O100821,3005,2024-02-23,2024-02-26,2024-03-02,DELIVERED,1915.63,2024-02-01,E2E-order-header
O100822,3175,2024-02-12,2024-02-15,2024-02-17,NEW,1024.86,2024-02-01,E2E-order-header
O100823,5974,2024-02-28,2024-02-29,2024-03-04,SHIPPED,956.97,2024-02-01,E2E-order-header
O100824,6323,2024-02-14,2024-02-15,2024-02-19,DELIVERED,2131.21,2024-02-01,E2E-order-header
O100825,9869,2024-02-25,2024-02-28,2024-03-04,DELIVERED,2032.35,2024-02-01,E2E-order-header
O100826,5168,2024-02-08,2024-02-11,2024-02-14,SHIPPED,1941.46,2024-02-01,E2E-order-header
O100827,1330,2024-02-24,2024-02-26,2024-03-01,SHIPPED,1223.1,2024-02-01,E2E-order-header
O100828,10032,2024-02-24,2024-02-27,2024-02-28,DELIVERED,1054.88,2024-02-01,E2E-order-header
O100829,7293,2024-02-08,2024-02-09,2024-02-12,SHIPPED,1897.56,2024-02-01,E2E-order-header
O100830,2099,2024-02-22,2024-02-24,2024-02-28,SHIPPED,1940.74,2024-02-01,E2E-order-header
O100831,4599,2024-02-16,2024-02-17,2024-02-18,CANCELLED,777.1,2024-02-01,E2E-order-header
O100832,914,2024-02-19,2024-02-21,2024-02-24,CANCELLED,1411.85,2024-02-01,E2E-order-header
O100833,1020,2024-02-13,2024-02-14,2024-02-18,DELIVERED,788.77,2024-02-01,E2E-order-header
O100834,4690,2024-02-05,2024-02-08,2024-02-11,NEW,577.23,2024-02-01,E2E-order-header
O100835,6010,2024-02-01,2024-02-03,2024-02-04,DELIVERED,88.47,2024-02-01,E2E-order-header
O100836,5657,2024-02-19,2024-02-20,2024-02-22,SHIPPED,519.89,2024-02-01,E2E-order-header
O100837,392,2024-02-18,2024-02-20,2024-02-22,NEW,1590.0,2024-02-01,E2E-order-header
O100838,7290,2024-02-20,2024-02-21,2024-02-23,DELIVERED,2328.73,2024-02-01,E2E-order-header
O100839,3991,2024-02-25,2024-02-28,2024-03-04,CANCELLED,288.33,2024-02-01,E2E-order-header
O100840,3722,2024-02-16,2024-02-19,2024-02-22,CANCELLED,1552.96,2024-02-01,E2E-order-header
O100841,786,2024-02-01,2024-02-04,2024-02-05,CANCELLED,906.21,2024-02-01,E2E-order-header
O100842,8471,2024-02-06,2024-02-09,2024-02-13,SHIPPED,542.94,2024-02-01,E2E-order-header
O100843,8629,2024-02-12,2024-02-14,2024-02-18,SHIPPED,1739.18,2024-02-01,E2E-order-header
O100844,6272,2024-02-05,2024-02-06,2024-02-08,DELIVERED,2426.03,2024-02-01,E2E-order-header
O100845,9251,2024-02-22,2024-02-24,2024-02-28,CANCELLED,646.95,2024-02-01,E2E-order-header
O100846,402,2024-02-01,2024-02-03,2024-02-08,SHIPPED,1488.22,2024-02-01,E2E-order-header
O100847,2663,2024-02-09,2024-02-10,2024-02-15,DELIVERED,1072.31,2024-02-01,E2E-order-header
O100848,7632,2024-02-17,2024-02-19,2024-02-21,NEW,531.85,2024-02-01,E2E-order-header
O100849,9581,2024-02-17,2024-02-20,2024-02-21,DELIVERED,481.43,2024-02-01,E2E-order-header
O100850,1573,2024-02-17,2024-02-19,2024-02-24,CANCELLED,2217.14,2024-02-01,E2E-order-header
O100851,7879,2024-02-18,2024-02-19,2024-02-24,DELIVERED,1224.94,2024-02-01,E2E-order-header
O100852,8026,2024-02-23,2024-02-26,2024-02-28,DELIVERED,2193.56,2024-02-01,E2E-order-header
O100853,1233,2024-02-16,2024-02-17,2024-02-22,CANCELLED,994.93,2024-02-01,E2E-order-header
O100854,1807,2024-02-22,2024-02-23,2024-02-25,DELIVERED,2352.29,2024-02-01,E2E-order-header
O100855,1660,2024-02-11,2024-02-12,2024-02-17,SHIPPED,2488.26,2024-02-01,E2E-order-header
O100856,6826,2024-02-04,2024-02-05,2024-02-06,SHIPPED,1339.5,2024-02-01,E2E-order-header
O100857,9502,2024-02-28,2024-02-29,2024-03-02,CANCELLED,1191.6,2024-02-01,E2E-order-header
O100858,4593,2024-02-01,2024-02-02,2024-02-03,CANCELLED,2142.29,2024-02-01,E2E-order-header
O100859,4556,2024-02-07,2024-02-08,2024-02-10,SHIPPED,137.53,2024-02-01,E2E-order-header
O100860,7313,2024-02-16,2024-02-19,2024-02-24,NEW,1981.85,2024-02-01,E2E-order-header
O100861,3908,2024-02-18,2024-02-20,2024-02-21,NEW,1261.29,2024-02-01,E2E-order-header
O100862,4697,2024-02-10,2024-02-13,2024-02-17,CANCELLED,902.7,2024-02-01,E2E-order-header
O100863,1094,2024-02-05,2024-02-07,2024-02-09,NEW,1193.56,2024-02-01,E2E-order-header
O100864,7392,2024-02-05,2024-02-08,2024-02-12,CANCELLED,1224.44,2024-02-01,E2E-order-header
O100865,4908,2024-02-15,2024-02-17,2024-02-19,SHIPPED,1609.68,2024-02-01,E2E-order-header
O100866,4359,2024-02-17,2024-02-19,2024-02-23,SHIPPED,1060.1,2024-02-01,E2E-order-header
O100867,6512,2024-02-01,2024-02-02,2024-02-03,DELIVERED,1389.3,2024-02-01,E2E-order-header
O100868,795,2024-02-10,2024-02-13,2024-02-17,NEW,1327.38,2024-02-01,E2E-order-header
O100869,8497,2024-02-25,2024-02-28,2024-02-29,SHIPPED,2260.74,2024-02-01,E2E-order-header
O100870,5167,2024-02-01,2024-02-02,2024-02-03,CANCELLED,1634.03,2024-02-01,E2E-order-header
O100871,1413,2024-02-20,2024-02-21,2024-02-25,DELIVERED,957.87,2024-02-01,E2E-order-header
O100872,7194,2024-02-24,2024-02-26,2024-02-27,SHIPPED,1429.99,2024-02-01,E2E-order-header
O100873,1065,2024-02-20,2024-02-23,2024-02-25,SHIPPED,579.77,2024-02-01,E2E-order-header
O100874,7013,2024-02-04,2024-02-06,2024-02-08,CANCELLED,621.99,2024-02-01,E2E-order-header
O100875,7632,2024-02-18,2024-02-20,2024-02-24,NEW,2007.81,2024-02-01,E2E-order-header
O100876,8625,2024-02-06,2024-02-07,2024-02-12,CANCELLED,1976.87,2024-02-01,E2E-order-header
O100877,2217,2024-02-17,2024-02-18,2024-02-19,CANCELLED,808.63,2024-02-01,E2E-order-header
O100878,3771,2024-02-14,2024-02-17,2024-02-19,DELIVERED,481.98,2024-02-01,E2E-order-header
O100879,957,2024-02-22,2024-02-25,2024-02-28,NEW,967.75,2024-02-01,E2E-order-header
O100880,4757,2024-02-03,2024-02-06,2024-02-10,NEW,1631.68,2024-02-01,E2E-order-header
O100881,7189,2024-02-12,2024-02-15,2024-02-17,NEW,518.01,2024-02-01,E2E-order-header
O100882,942,2024-02-05,2024-02-08,2024-02-11,CANCELLED,1333.88,2024-02-01,E2E-order-header
O100883,5522,2024-02-12,2024-02-13,2024-02-14,NEW,317.12,2024-02-01,E2E-order-header
O100884,8675,2024-02-02,2024-02-04,2024-02-05,SHIPPED,1909.24,2024-02-01,E2E-order-header
O100885,870,2024-02-05,2024-02-08,2024-02-11,NEW,902.36,2024-02-01,E2E-order-header
O100886,5915,2024-02-14,2024-02-15,2024-02-19,DELIVERED,1064.81,2024-02-01,E2E-order-header
O100887,9042,2024-02-13,2024-02-14,2024-02-18,DELIVERED,1799.97,2024-02-01,E2E-order-header
O100888,8378,2024-02-26,2024-02-28,2024-02-29,SHIPPED,2347.96,2024-02-01,E2E-order-header
O100889,1811,2024-02-13,2024-02-16,2024-02-20,NEW,2201.98,2024-02-01,E2E-order-header
O100890,2551,2024-02-13,2024-02-14,2024-02-19,NEW,479.26,2024-02-01,E2E-order-header
O100891,9301,2024-02-11,2024-02-13,2024-02-16,CANCELLED,1595.07,2024-02-01,E2E-order-header
O100892,9721,2024-02-13,2024-02-16,2024-02-17,NEW,1979.3,2024-02-01,E2E-order-header
O100893,6600,2024-02-01,2024-02-04,2024-02-07,NEW,1700.29,2024-02-01,E2E-order-header
O100894,9719,2024-02-16,2024-02-18,2024-02-22,SHIPPED,2036.32,2024-02-01,E2E-order-header
O100895,6277,2024-02-19,2024-02-20,2024-02-21,SHIPPED,1979.1,2024-02-01,E2E-order-header
O100896,6268,2024-02-02,2024-02-04,2024-02-08,CANCELLED,1020.31,2024-02-01,E2E-order-header
O100897,8842,2024-02-15,2024-02-16,2024-02-19,CANCELLED,830.85,2024-02-01,E2E-order-header
O100898,6345,2024-02-13,2024-02-16,2024-02-21,DELIVERED,417.58,2024-02-01,E2E-order-header
O100899,2627,2024-02-08,2024-02-10,2024-02-15,SHIPPED,996.02,2024-02-01,E2E-order-header
O100900,3832,2024-02-11,2024-02-12,2024-02-14,DELIVERED,436.1,2024-02-01,E2E-order-header
O100901,339,2024-02-07,2024-02-10,2024-02-13,DELIVERED,1447.14,2024-02-01,E2E-order-header
O100902,1498,2024-02-16,2024-02-17,2024-02-22,SHIPPED,919.86,2024-02-01,E2E-order-header
O100903,5751,2024-02-08,2024-02-10,2024-02-14,DELIVERED,1410.62,2024-02-01,E2E-order-header
O100904,3103,2024-02-23,2024-02-24,2024-02-25,NEW,2156.27,2024-02-01,E2E-order-header
O100905,9601,2024-02-04,2024-02-05,2024-02-06,DELIVERED,175.32,2024-02-01,E2E-order-header
O100906,7404,2024-02-12,2024-02-13,2024-02-16,CANCELLED,1901.71,2024-02-01,E2E-order-header
O100907,5570,2024-02-08,2024-02-09,2024-02-11,NEW,2474.55,2024-02-01,E2E-order-header
O100908,7739,2024-02-03,2024-02-06,2024-02-10,CANCELLED,1129.34,2024-02-01,E2E-order-header
O100909,9940,2024-02-14,2024-02-16,2024-02-17,NEW,2181.29,2024-02-01,E2E-order-header
O100910,5943,2024-02-18,2024-02-20,2024-02-22,DELIVERED,1358.71,2024-02-01,E2E-order-header
O100911,7203,2024-02-16,2024-02-19,2024-02-22,NEW,829.97,2024-02-01,E2E-order-header
O100912,3857,2024-02-03,2024-02-05,2024-02-08,NEW,449.79,2024-02-01,E2E-order-header
O100913,6275,2024-02-09,2024-02-10,2024-02-14,NEW,1236.81,2024-02-01,E2E-order-header
O100914,722,2024-02-28,2024-03-01,2024-03-04,SHIPPED,2389.91,2024-02-01,E2E-order-header
O100915,6129,2024-02-25,2024-02-26,2024-03-01,DELIVERED,1592.67,2024-02-01,E2E-order-header
O100916,2413,2024-02-28,2024-03-02,2024-03-04,CANCELLED,1527.25,2024-02-01,E2E-order-header
O100917,2516,2024-02-07,2024-02-08,2024-02-12,SHIPPED,1041.75,2024-02-01,E2E-order-header
O100918,8961,2024-02-24,2024-02-25,2024-02-27,NEW,1330.68,2024-02-01,E2E-order-header
O100919,81,2024-02-18,2024-02-20,2024-02-21,CANCELLED,819.04,2024-02-01,E2E-order-header
O100920,5211,2024-02-03,2024-02-05,2024-02-07,DELIVERED,1866.88,2024-02-01,E2E-order-header
O100921,7277,2024-02-25,2024-02-27,2024-03-02,DELIVERED,687.14,2024-02-01,E2E-order-header
O100922,7342,2024-02-15,2024-02-18,2024-02-20,CANCELLED,1218.94,2024-02-01,E2E-order-header
O100923,1279,2024-02-24,2024-02-27,2024-03-03,NEW,379.92,2024-02-01,E2E-order-header
O100924,7232,2024-02-09,2024-02-11,2024-02-12,CANCELLED,1593.27,2024-02-01,E2E-order-header
O100925,1746,2024-02-04,2024-02-06,2024-02-11,SHIPPED,928.77,2024-02-01,E2E-order-header
O100926,9316,2024-02-10,2024-02-11,2024-02-15,NEW,2409.83,2024-02-01,E2E-order-header
O100927,5960,2024-02-06,2024-02-07,2024-02-08,DELIVERED,2104.6,2024-02-01,E2E-order-header
O100928,1175,2024-02-01,2024-02-04,2024-02-06,CANCELLED,2039.29,2024-02-01,E2E-order-header
O100929,2480,2024-02-02,2024-02-05,2024-02-08,DELIVERED,1641.61,2024-02-01,E2E-order-header
O100930,7786,2024-02-19,2024-02-20,2024-02-23,DELIVERED,321.96,2024-02-01,E2E-order-header
O100931,6429,2024-02-17,2024-02-20,2024-02-22,SHIPPED,808.38,2024-02-01,E2E-order-header
O100932,7293,2024-02-05,2024-02-08,2024-02-11,SHIPPED,1250.68,2024-02-01,E2E-order-header
O100933,6458,2024-02-19,2024-02-22,2024-02-23,DELIVERED,1358.7,2024-02-01,E2E-order-header
O100934,548,2024-02-05,2024-02-07,2024-02-08,DELIVERED,603.21,2024-02-01,E2E-order-header
O100935,1645,2024-02-01,2024-02-02,2024-02-03,CANCELLED,109.26,2024-02-01,E2E-order-header
O100936,3323,2024-02-12,2024-02-13,2024-02-17,NEW,2422.56,2024-02-01,E2E-order-header
O100937,2743,2024-02-09,2024-02-11,2024-02-14,SHIPPED,489.55,2024-02-01,E2E-order-header
O100938,3434,2024-02-16,2024-02-17,2024-02-18,CANCELLED,2435.93,2024-02-01,E2E-order-header
O100939,5409,2024-02-08,2024-02-10,2024-02-13,CANCELLED,593.12,2024-02-01,E2E-order-header
O100940,7271,2024-02-02,2024-02-03,2024-02-05,SHIPPED,1571.77,2024-02-01,E2E-order-header
O100941,8025,2024-02-03,2024-02-06,2024-02-07,NEW,987.52,2024-02-01,E2E-order-header
O100942,8078,2024-02-19,2024-02-22,2024-02-25,NEW,2126.26,2024-02-01,E2E-order-header
O100943,3737,2024-02-15,2024-02-18,2024-02-20,DELIVERED,2378.31,2024-02-01,E2E-order-header
O100944,4410,2024-02-26,2024-02-28,2024-03-01,DELIVERED,2453.82,2024-02-01,E2E-order-header
O100945,3939,2024-02-06,2024-02-07,2024-02-11,NEW,532.92,2024-02-01,E2E-order-header
O100946,5562,2024-02-23,2024-02-24,2024-02-29,DELIVERED,1460.09,2024-02-01,E2E-order-header
O100947,6767,2024-02-28,2024-02-29,2024-03-01,SHIPPED,1402.64,2024-02-01,E2E-order-header
O100948,8707,2024-02-15,2024-02-18,2024-02-22,DELIVERED,1495.26,2024-02-01,E2E-order-header
O100949,1180,2024-02-10,2024-02-13,2024-02-17,CANCELLED,944.69,2024-02-01,E2E-order-header
O100950,5893,2024-02-20,2024-02-22,2024-02-27,NEW,1142.55,2024-02-01,E2E-order-header
O100951,6197,2024-02-07,2024-02-08,2024-02-10,CANCELLED,501.84,2024-02-01,E2E-order-header
O100952,10030,2024-02-18,2024-02-21,2024-02-24,DELIVERED,1047.34,2024-02-01,E2E-order-header
O100953,1788,2024-02-21,2024-02-22,2024-02-26,SHIPPED,70.7,2024-02-01,E2E-order-header
O100954,4743,2024-02-09,2024-02-12,2024-02-16,DELIVERED,213.96,2024-02-01,E2E-order-header
O100955,9692,2024-02-02,2024-02-04,2024-02-08,CANCELLED,2257.28,2024-02-01,E2E-order-header
O100956,1326,2024-02-10,2024-02-13,2024-02-18,NEW,1712.54,2024-02-01,E2E-order-header
O100957,4678,2024-02-09,2024-02-10,2024-02-15,DELIVERED,2298.83,2024-02-01,E2E-order-header
O100958,9491,2024-02-08,2024-02-11,2024-02-15,DELIVERED,2246.74,2024-02-01,E2E-order-header
O100959,5821,2024-02-01,2024-02-04,2024-02-07,NEW,1526.07,2024-02-01,E2E-order-header
O100960,5223,2024-02-23,2024-02-24,2024-02-25,DELIVERED,2288.34,2024-02-01,E2E-order-header
O100961,1930,2024-02-09,2024-02-10,2024-02-15,CANCELLED,1877.62,2024-02-01,E2E-order-header
O100962,8814,2024-02-14,2024-02-16,2024-02-20,NEW,1719.93,2024-02-01,E2E-order-header
O100963,7271,2024-02-11,2024-02-14,2024-02-16,CANCELLED,668.72,2024-02-01,E2E-order-header
O100964,3340,2024-02-26,2024-02-29,2024-03-02,NEW,1646.22,2024-02-01,E2E-order-header
O100965,549,2024-02-10,2024-02-13,2024-02-15,NEW,1730.38,2024-02-01,E2E-order-header
O100966,7230,2024-02-16,2024-02-17,2024-02-18,CANCELLED,975.94,2024-02-01,E2E-order-header
O100967,1587,2024-02-08,2024-02-11,2024-02-13,SHIPPED,1997.79,2024-02-01,E2E-order-header
O100968,891,2024-02-13,2024-02-16,2024-02-19,NEW,1979.7,2024-02-01,E2E-order-header
O100969,8725,2024-02-26,2024-02-28,2024-03-01,DELIVERED,39.5,2024-02-01,E2E-order-header
O100970,6068,2024-02-09,2024-02-11,2024-02-14,SHIPPED,1337.11,2024-02-01,E2E-order-header
O100971,1159,2024-02-17,2024-02-19,2024-02-20,SHIPPED,424.22,2024-02-01,E2E-order-header
O100972,1654,2024-02-04,2024-02-07,2024-02-10,DELIVERED,1860.5,2024-02-01,E2E-order-header
O100973,8529,2024-02-09,2024-02-11,2024-02-14,DELIVERED,2119.94,2024-02-01,E2E-order-header
O100974,5078,2024-02-07,2024-02-09,2024-02-10,NEW,467.79,2024-02-01,E2E-order-header
O100975,5978,2024-02-18,2024-02-21,2024-02-26,DELIVERED,2128.32,2024-02-01,E2E-order-header
O100976,7544,2024-02-21,2024-02-23,2024-02-27,CANCELLED,2381.31,2024-02-01,E2E-order-header
O100977,8245,2024-02-09,2024-02-11,2024-02-12,CANCELLED,1623.36,2024-02-01,E2E-order-header
O100978,10061,2024-02-02,2024-02-05,2024-02-08,NEW,1126.86,2024-02-01,E2E-order-header
O100979,8303,2024-02-28,2024-03-02,2024-03-07,SHIPPED,97.89,2024-02-01,E2E-order-header
O100980,9629,2024-02-07,2024-02-09,2024-02-14,CANCELLED,1831.32,2024-02-01,E2E-order-header
O100981,8170,2024-02-18,2024-02-21,2024-02-22,NEW,507.27,2024-02-01,E2E-order-header
O100982,8827,2024-02-13,2024-02-14,2024-02-18,SHIPPED,1227.95,2024-02-01,E2E-order-header
O100983,3480,2024-02-25,2024-02-27,2024-02-29,NEW,1828.1,2024-02-01,E2E-order-header
O100984,10062,2024-02-01,2024-02-04,2024-02-07,SHIPPED,1154.84,2024-02-01,E2E-order-header
O100985,6326,2024-02-14,2024-02-17,2024-02-20,CANCELLED,580.0,2024-02-01,E2E-order-header
O100986,2323,2024-02-16,2024-02-17,2024-02-20,SHIPPED,892.87,2024-02-01,E2E-order-header
O100987,6970,2024-02-08,2024-02-11,2024-02-12,DELIVERED,1387.93,2024-02-01,E2E-order-header
O100988,112,2024-02-11,2024-02-14,2024-02-17,NEW,1659.34,2024-02-01,E2E-order-header
O100989,4249,2024-02-13,2024-02-15,2024-02-19,NEW,2473.99,2024-02-01,E2E-order-header
O100990,7716,2024-02-07,2024-02-10,2024-02-15,SHIPPED,1298.07,2024-02-01,E2E-order-header
O100991,3320,2024-02-24,2024-02-27,2024-03-03,CANCELLED,1527.96,2024-02-01,E2E-order-header
O100992,2804,2024-02-10,2024-02-12,2024-02-16,SHIPPED,494.07,2024-02-01,E2E-order-header
O100993,7432,2024-02-11,2024-02-14,2024-02-18,CANCELLED,1650.92,2024-02-01,E2E-order-header
O100994,8743,2024-02-27,2024-02-29,2024-03-02,SHIPPED,278.72,2024-02-01,E2E-order-header
O100995,5329,2024-02-04,2024-02-05,2024-02-07,NEW,470.01,2024-02-01,E2E-order-header
O100996,7970,2024-02-11,2024-02-13,2024-02-16,DELIVERED,1162.79,2024-02-01,E2E-order-header
O100997,2072,2024-02-11,2024-02-13,2024-02-18,SHIPPED,643.24,2024-02-01,E2E-order-header
O100998,944,2024-02-13,2024-02-14,2024-02-18,NEW,643.22,2024-02-01,E2E-order-header
O100999,2166,2024-02-23,2024-02-25,2024-02-27,NEW,1224.06,2024-02-01,E2E-order-header
O101000,4571,2024-02-08,2024-02-11,2024-02-14,DELIVERED,2113.18,2024-02-01,E2E-order-header
